Running `bundle install --full-index --verbose` with bundler 2.6.9
Resolving dependencies because there's no lockfile
Fetching source index from https://rubygems.org/
HTTP GET https://rubygems.org/quick/Marshal.4.8/jekyll-theme-chirpy-3.0.1.gemspec.rz
HTTP 200 OK https://rubygems.org/quick/Marshal.4.8/jekyll-theme-chirpy-3.0.1.gemspec.rz
HTTP GET https://rubygems.org/quick/Marshal.4.8/jekyll-theme-chirpy-3.0.2.gemspec.rz
HTTP 200 OK https://rubygems.org/quick/Marshal.4.8/jekyll-theme-chirpy-3.0.2.gemspec.rz
HTTP GET https://rubygems.org/quick/Marshal.4.8/jekyll-theme-chirpy-3.0.3.gemspec.rz
HTTP 200 OK https://rubygems.org/quick/Marshal.4.8/jekyll-theme-chirpy-3.0.3.gemspec.rz
HTTP GET https://rubygems.org/quick/Marshal.4.8/jekyll-theme-chirpy-3.1.0.gemspec.rz
HTTP 200 OK https://rubygems.org/quick/Marshal.4.8/jekyll-theme-chirpy-3.1.0.gemspec.rz
HTTP GET https://rubygems.org/quick/Marshal.4.8/jekyll-theme-chirpy-3.1.1.gemspec.rz
HTTP 200 OK https://rubygems.org/quick/Marshal.4.8/jekyll-theme-chirpy-3.1.1.gemspec.rz
HTTP GET https://rubygems.org/quick/Marshal.4.8/jekyll-theme-chirpy-3.2.0.gemspec.rz
HTTP 200 OK https://rubygems.org/quick/Marshal.4.8/jekyll-theme-chirpy-3.2.0.gemspec.rz
HTTP GET https://rubygems.org/quick/Marshal.4.8/jekyll-theme-chirpy-3.2.1.gemspec.rz
HTTP 200 OK https://rubygems.org/quick/Marshal.4.8/jekyll-theme-chirpy-3.2.1.gemspec.rz
HTTP GET https://rubygems.org/quick/Marshal.4.8/jekyll-theme-chirpy-3.2.2.gemspec.rz
HTTP 200 OK https://rubygems.org/quick/Marshal.4.8/jekyll-theme-chirpy-3.2.2.gemspec.rz
HTTP GET https://rubygems.org/quick/Marshal.4.8/jekyll-theme-chirpy-3.3.0.gemspec.rz
HTTP 200 OK https://rubygems.org/quick/Marshal.4.8/jekyll-theme-chirpy-3.3.0.gemspec.rz
HTTP GET https://rubygems.org/quick/Marshal.4.8/jekyll-theme-chirpy-3.3.1.gemspec.rz
HTTP 200 OK https://rubygems.org/quick/Marshal.4.8/jekyll-theme-chirpy-3.3.1.gemspec.rz
HTTP GET https://rubygems.org/quick/Marshal.4.8/jekyll-theme-chirpy-3.3.2.gemspec.rz
HTTP 200 OK https://rubygems.org/quick/Marshal.4.8/jekyll-theme-chirpy-3.3.2.gemspec.rz
HTTP GET https://rubygems.org/quick/Marshal.4.8/jekyll-theme-chirpy-4.0.1.gemspec.rz
HTTP 200 OK https://rubygems.org/quick/Marshal.4.8/jekyll-theme-chirpy-4.0.1.gemspec.rz
HTTP GET https://rubygems.org/quick/Marshal.4.8/jekyll-theme-chirpy-4.0.2.gemspec.rz
HTTP 200 OK https://rubygems.org/quick/Marshal.4.8/jekyll-theme-chirpy-4.0.2.gemspec.rz
HTTP GET https://rubygems.org/quick/Marshal.4.8/jekyll-theme-chirpy-4.1.0.gemspec.rz
HTTP 200 OK https://rubygems.org/quick/Marshal.4.8/jekyll-theme-chirpy-4.1.0.gemspec.rz
HTTP GET https://rubygems.org/quick/Marshal.4.8/jekyll-theme-chirpy-4.1.1.gemspec.rz
HTTP 200 OK https://rubygems.org/quick/Marshal.4.8/jekyll-theme-chirpy-4.1.1.gemspec.rz
HTTP GET https://rubygems.org/quick/Marshal.4.8/jekyll-theme-chirpy-4.2.0.gemspec.rz
HTTP 200 OK https://rubygems.org/quick/Marshal.4.8/jekyll-theme-chirpy-4.2.0.gemspec.rz
HTTP GET https://rubygems.org/quick/Marshal.4.8/jekyll-theme-chirpy-4.2.1.gemspec.rz
HTTP 200 OK https://rubygems.org/quick/Marshal.4.8/jekyll-theme-chirpy-4.2.1.gemspec.rz
HTTP GET https://rubygems.org/quick/Marshal.4.8/jekyll-theme-chirpy-4.3.0.gemspec.rz
HTTP 200 OK https://rubygems.org/quick/Marshal.4.8/jekyll-theme-chirpy-4.3.0.gemspec.rz
HTTP GET https://rubygems.org/quick/Marshal.4.8/jekyll-theme-chirpy-4.3.1.gemspec.rz
HTTP 200 OK https://rubygems.org/quick/Marshal.4.8/jekyll-theme-chirpy-4.3.1.gemspec.rz
HTTP GET https://rubygems.org/quick/Marshal.4.8/jekyll-theme-chirpy-4.3.2.gemspec.rz
HTTP 200 OK https://rubygems.org/quick/Marshal.4.8/jekyll-theme-chirpy-4.3.2.gemspec.rz
HTTP GET https://rubygems.org/quick/Marshal.4.8/jekyll-theme-chirpy-4.3.3.gemspec.rz
HTTP 200 OK https://rubygems.org/quick/Marshal.4.8/jekyll-theme-chirpy-4.3.3.gemspec.rz
HTTP GET https://rubygems.org/quick/Marshal.4.8/jekyll-theme-chirpy-4.3.4.gemspec.rz
HTTP 200 OK https://rubygems.org/quick/Marshal.4.8/jekyll-theme-chirpy-4.3.4.gemspec.rz
HTTP GET https://rubygems.org/quick/Marshal.4.8/jekyll-theme-chirpy-5.0.0.gemspec.rz
HTTP 200 OK https://rubygems.org/quick/Marshal.4.8/jekyll-theme-chirpy-5.0.0.gemspec.rz
HTTP GET https://rubygems.org/quick/Marshal.4.8/jekyll-theme-chirpy-5.0.1.gemspec.rz
HTTP 200 OK https://rubygems.org/quick/Marshal.4.8/jekyll-theme-chirpy-5.0.1.gemspec.rz
HTTP GET https://rubygems.org/quick/Marshal.4.8/jekyll-theme-chirpy-5.0.2.gemspec.rz
HTTP 200 OK https://rubygems.org/quick/Marshal.4.8/jekyll-theme-chirpy-5.0.2.gemspec.rz
HTTP GET https://rubygems.org/quick/Marshal.4.8/jekyll-theme-chirpy-5.1.0.gemspec.rz
HTTP 200 OK https://rubygems.org/quick/Marshal.4.8/jekyll-theme-chirpy-5.1.0.gemspec.rz
HTTP GET https://rubygems.org/quick/Marshal.4.8/jekyll-theme-chirpy-5.2.0.gemspec.rz
HTTP 200 OK https://rubygems.org/quick/Marshal.4.8/jekyll-theme-chirpy-5.2.0.gemspec.rz
HTTP GET https://rubygems.org/quick/Marshal.4.8/jekyll-theme-chirpy-5.2.1.gemspec.rz
HTTP 200 OK https://rubygems.org/quick/Marshal.4.8/jekyll-theme-chirpy-5.2.1.gemspec.rz
HTTP GET https://rubygems.org/quick/Marshal.4.8/jekyll-theme-chirpy-5.3.0.gemspec.rz
HTTP 200 OK https://rubygems.org/quick/Marshal.4.8/jekyll-theme-chirpy-5.3.0.gemspec.rz
HTTP GET https://rubygems.org/quick/Marshal.4.8/jekyll-theme-chirpy-5.3.1.gemspec.rz
HTTP 200 OK https://rubygems.org/quick/Marshal.4.8/jekyll-theme-chirpy-5.3.1.gemspec.rz
HTTP GET https://rubygems.org/quick/Marshal.4.8/jekyll-theme-chirpy-5.3.2.gemspec.rz
HTTP 200 OK https://rubygems.org/quick/Marshal.4.8/jekyll-theme-chirpy-5.3.2.gemspec.rz
HTTP GET https://rubygems.org/quick/Marshal.4.8/jekyll-theme-chirpy-5.4.0.gemspec.rz
HTTP 200 OK https://rubygems.org/quick/Marshal.4.8/jekyll-theme-chirpy-5.4.0.gemspec.rz
HTTP GET https://rubygems.org/quick/Marshal.4.8/jekyll-theme-chirpy-5.5.0.gemspec.rz
HTTP 200 OK https://rubygems.org/quick/Marshal.4.8/jekyll-theme-chirpy-5.5.0.gemspec.rz
HTTP GET https://rubygems.org/quick/Marshal.4.8/jekyll-theme-chirpy-5.5.1.gemspec.rz
HTTP 200 OK https://rubygems.org/quick/Marshal.4.8/jekyll-theme-chirpy-5.5.1.gemspec.rz
HTTP GET https://rubygems.org/quick/Marshal.4.8/jekyll-theme-chirpy-5.5.2.gemspec.rz
HTTP 200 OK https://rubygems.org/quick/Marshal.4.8/jekyll-theme-chirpy-5.5.2.gemspec.rz
HTTP GET https://rubygems.org/quick/Marshal.4.8/jekyll-theme-chirpy-5.6.0.gemspec.rz
HTTP 200 OK https://rubygems.org/quick/Marshal.4.8/jekyll-theme-chirpy-5.6.0.gemspec.rz
HTTP GET https://rubygems.org/quick/Marshal.4.8/jekyll-theme-chirpy-5.6.1.gemspec.rz
HTTP 200 OK https://rubygems.org/quick/Marshal.4.8/jekyll-theme-chirpy-5.6.1.gemspec.rz
HTTP GET https://rubygems.org/quick/Marshal.4.8/jekyll-theme-chirpy-6.0.0.gemspec.rz
HTTP 200 OK https://rubygems.org/quick/Marshal.4.8/jekyll-theme-chirpy-6.0.0.gemspec.rz
HTTP GET https://rubygems.org/quick/Marshal.4.8/jekyll-theme-chirpy-6.0.1.gemspec.rz
HTTP 200 OK https://rubygems.org/quick/Marshal.4.8/jekyll-theme-chirpy-6.0.1.gemspec.rz
HTTP GET https://rubygems.org/quick/Marshal.4.8/jekyll-theme-chirpy-6.1.0.gemspec.rz
HTTP 200 OK https://rubygems.org/quick/Marshal.4.8/jekyll-theme-chirpy-6.1.0.gemspec.rz
HTTP GET https://rubygems.org/quick/Marshal.4.8/jekyll-theme-chirpy-6.2.0.gemspec.rz
HTTP 200 OK https://rubygems.org/quick/Marshal.4.8/jekyll-theme-chirpy-6.2.0.gemspec.rz
HTTP GET https://rubygems.org/quick/Marshal.4.8/jekyll-theme-chirpy-6.2.1.gemspec.rz
HTTP 200 OK https://rubygems.org/quick/Marshal.4.8/jekyll-theme-chirpy-6.2.1.gemspec.rz
HTTP GET https://rubygems.org/quick/Marshal.4.8/jekyll-theme-chirpy-6.2.2.gemspec.rz
HTTP 200 OK https://rubygems.org/quick/Marshal.4.8/jekyll-theme-chirpy-6.2.2.gemspec.rz
HTTP GET https://rubygems.org/quick/Marshal.4.8/jekyll-theme-chirpy-6.2.3.gemspec.rz
HTTP 200 OK https://rubygems.org/quick/Marshal.4.8/jekyll-theme-chirpy-6.2.3.gemspec.rz
HTTP GET https://rubygems.org/quick/Marshal.4.8/jekyll-theme-chirpy-6.3.0.gemspec.rz
HTTP 200 OK https://rubygems.org/quick/Marshal.4.8/jekyll-theme-chirpy-6.3.0.gemspec.rz
HTTP GET https://rubygems.org/quick/Marshal.4.8/jekyll-theme-chirpy-6.3.1.gemspec.rz
HTTP 200 OK https://rubygems.org/quick/Marshal.4.8/jekyll-theme-chirpy-6.3.1.gemspec.rz
HTTP GET https://rubygems.org/quick/Marshal.4.8/jekyll-theme-chirpy-6.4.0.gemspec.rz
HTTP 200 OK https://rubygems.org/quick/Marshal.4.8/jekyll-theme-chirpy-6.4.0.gemspec.rz
HTTP GET https://rubygems.org/quick/Marshal.4.8/jekyll-theme-chirpy-6.4.1.gemspec.rz
HTTP 200 OK https://rubygems.org/quick/Marshal.4.8/jekyll-theme-chirpy-6.4.1.gemspec.rz
HTTP GET https://rubygems.org/quick/Marshal.4.8/jekyll-theme-chirpy-6.4.2.gemspec.rz
HTTP 200 OK https://rubygems.org/quick/Marshal.4.8/jekyll-theme-chirpy-6.4.2.gemspec.rz
HTTP GET https://rubygems.org/quick/Marshal.4.8/jekyll-theme-chirpy-6.5.0.gemspec.rz
HTTP 200 OK https://rubygems.org/quick/Marshal.4.8/jekyll-theme-chirpy-6.5.0.gemspec.rz
HTTP GET https://rubygems.org/quick/Marshal.4.8/jekyll-theme-chirpy-6.5.2.gemspec.rz
HTTP 200 OK https://rubygems.org/quick/Marshal.4.8/jekyll-theme-chirpy-6.5.2.gemspec.rz
HTTP GET https://rubygems.org/quick/Marshal.4.8/jekyll-theme-chirpy-6.5.3.gemspec.rz
HTTP 200 OK https://rubygems.org/quick/Marshal.4.8/jekyll-theme-chirpy-6.5.3.gemspec.rz
HTTP GET https://rubygems.org/quick/Marshal.4.8/jekyll-theme-chirpy-6.5.5.gemspec.rz
HTTP 200 OK https://rubygems.org/quick/Marshal.4.8/jekyll-theme-chirpy-6.5.5.gemspec.rz
HTTP GET https://rubygems.org/quick/Marshal.4.8/jekyll-theme-chirpy-7.0.0.gemspec.rz
HTTP 200 OK https://rubygems.org/quick/Marshal.4.8/jekyll-theme-chirpy-7.0.0.gemspec.rz
HTTP GET https://rubygems.org/quick/Marshal.4.8/jekyll-theme-chirpy-7.0.1.gemspec.rz
HTTP 200 OK https://rubygems.org/quick/Marshal.4.8/jekyll-theme-chirpy-7.0.1.gemspec.rz
HTTP GET https://rubygems.org/quick/Marshal.4.8/jekyll-theme-chirpy-7.1.0.gemspec.rz
HTTP 200 OK https://rubygems.org/quick/Marshal.4.8/jekyll-theme-chirpy-7.1.0.gemspec.rz
HTTP GET https://rubygems.org/quick/Marshal.4.8/jekyll-theme-chirpy-7.1.1.gemspec.rz
HTTP 200 OK https://rubygems.org/quick/Marshal.4.8/jekyll-theme-chirpy-7.1.1.gemspec.rz
HTTP GET https://rubygems.org/quick/Marshal.4.8/jekyll-theme-chirpy-7.2.0.gemspec.rz
HTTP 200 OK https://rubygems.org/quick/Marshal.4.8/jekyll-theme-chirpy-7.2.0.gemspec.rz
HTTP GET https://rubygems.org/quick/Marshal.4.8/jekyll-theme-chirpy-7.2.1.gemspec.rz
HTTP 200 OK https://rubygems.org/quick/Marshal.4.8/jekyll-theme-chirpy-7.2.1.gemspec.rz
HTTP GET https://rubygems.org/quick/Marshal.4.8/jekyll-theme-chirpy-7.2.2.gemspec.rz
HTTP 200 OK https://rubygems.org/quick/Marshal.4.8/jekyll-theme-chirpy-7.2.2.gemspec.rz
HTTP GET https://rubygems.org/quick/Marshal.4.8/jekyll-theme-chirpy-7.2.3.gemspec.rz
HTTP 200 OK https://rubygems.org/quick/Marshal.4.8/jekyll-theme-chirpy-7.2.3.gemspec.rz
HTTP GET https://rubygems.org/quick/Marshal.4.8/jekyll-theme-chirpy-7.2.4.gemspec.rz
HTTP 200 OK https://rubygems.org/quick/Marshal.4.8/jekyll-theme-chirpy-7.2.4.gemspec.rz
HTTP GET https://rubygems.org/quick/Marshal.4.8/jekyll-theme-chirpy-7.3.0.gemspec.rz
HTTP 200 OK https://rubygems.org/quick/Marshal.4.8/jekyll-theme-chirpy-7.3.0.gemspec.rz
HTTP GET https://rubygems.org/quick/Marshal.4.8/jekyll-theme-chirpy-7.3.1.gemspec.rz
HTTP 200 OK https://rubygems.org/quick/Marshal.4.8/jekyll-theme-chirpy-7.3.1.gemspec.rz
HTTP GET https://rubygems.org/quick/Marshal.4.8/jekyll-theme-chirpy-7.4.0.gemspec.rz
HTTP 200 OK https://rubygems.org/quick/Marshal.4.8/jekyll-theme-chirpy-7.4.0.gemspec.rz
HTTP GET https://rubygems.org/quick/Marshal.4.8/jekyll-theme-chirpy-7.4.1.gemspec.rz
HTTP 200 OK https://rubygems.org/quick/Marshal.4.8/jekyll-theme-chirpy-7.4.1.gemspec.rz
HTTP GET https://rubygems.org/quick/Marshal.4.8/jekyll-theme-chirpy-7.5.0.gemspec.rz
HTTP 200 OK https://rubygems.org/quick/Marshal.4.8/jekyll-theme-chirpy-7.5.0.gemspec.rz
HTTP GET https://rubygems.org/quick/Marshal.4.8/jekyll-theme-chirpy-7.6.0.gemspec.rz
HTTP 200 OK https://rubygems.org/quick/Marshal.4.8/jekyll-theme-chirpy-7.6.0.gemspec.rz
HTTP GET https://rubygems.org/quick/Marshal.4.8/html-proofer-0.0.1.gemspec.rz
HTTP 200 OK https://rubygems.org/quick/Marshal.4.8/html-proofer-0.0.1.gemspec.rz
HTTP GET https://rubygems.org/quick/Marshal.4.8/html-proofer-0.0.3.gemspec.rz
HTTP 200 OK https://rubygems.org/quick/Marshal.4.8/html-proofer-0.0.3.gemspec.rz
HTTP GET https://rubygems.org/quick/Marshal.4.8/html-proofer-0.0.4.gemspec.rz
HTTP 200 OK https://rubygems.org/quick/Marshal.4.8/html-proofer-0.0.4.gemspec.rz
HTTP GET https://rubygems.org/quick/Marshal.4.8/html-proofer-0.0.5.gemspec.rz
HTTP 200 OK https://rubygems.org/quick/Marshal.4.8/html-proofer-0.0.5.gemspec.rz
HTTP GET https://rubygems.org/quick/Marshal.4.8/html-proofer-0.0.6.gemspec.rz
HTTP 200 OK https://rubygems.org/quick/Marshal.4.8/html-proofer-0.0.6.gemspec.rz
HTTP GET https://rubygems.org/quick/Marshal.4.8/html-proofer-0.0.7.gemspec.rz
HTTP 200 OK https://rubygems.org/quick/Marshal.4.8/html-proofer-0.0.7.gemspec.rz
HTTP GET https://rubygems.org/quick/Marshal.4.8/html-proofer-0.0.8.gemspec.rz
HTTP 200 OK https://rubygems.org/quick/Marshal.4.8/html-proofer-0.0.8.gemspec.rz
HTTP GET https://rubygems.org/quick/Marshal.4.8/html-proofer-0.0.9.gemspec.rz
HTTP 200 OK https://rubygems.org/quick/Marshal.4.8/html-proofer-0.0.9.gemspec.rz
HTTP GET https://rubygems.org/quick/Marshal.4.8/html-proofer-0.0.10.gemspec.rz
HTTP 200 OK https://rubygems.org/quick/Marshal.4.8/html-proofer-0.0.10.gemspec.rz
HTTP GET https://rubygems.org/quick/Marshal.4.8/html-proofer-0.0.11.gemspec.rz
HTTP 200 OK https://rubygems.org/quick/Marshal.4.8/html-proofer-0.0.11.gemspec.rz
HTTP GET https://rubygems.org/quick/Marshal.4.8/html-proofer-0.0.13.gemspec.rz
HTTP 200 OK https://rubygems.org/quick/Marshal.4.8/html-proofer-0.0.13.gemspec.rz
HTTP GET https://rubygems.org/quick/Marshal.4.8/html-proofer-0.0.14.gemspec.rz
HTTP 200 OK https://rubygems.org/quick/Marshal.4.8/html-proofer-0.0.14.gemspec.rz
HTTP GET https://rubygems.org/quick/Marshal.4.8/html-proofer-0.0.15.gemspec.rz
HTTP 200 OK https://rubygems.org/quick/Marshal.4.8/html-proofer-0.0.15.gemspec.rz
HTTP GET https://rubygems.org/quick/Marshal.4.8/html-proofer-0.0.16.gemspec.rz
HTTP 200 OK https://rubygems.org/quick/Marshal.4.8/html-proofer-0.0.16.gemspec.rz
HTTP GET https://rubygems.org/quick/Marshal.4.8/html-proofer-0.1.0.gemspec.rz
HTTP 200 OK https://rubygems.org/quick/Marshal.4.8/html-proofer-0.1.0.gemspec.rz
HTTP GET https://rubygems.org/quick/Marshal.4.8/html-proofer-0.1.1.gemspec.rz
HTTP 200 OK https://rubygems.org/quick/Marshal.4.8/html-proofer-0.1.1.gemspec.rz
HTTP GET https://rubygems.org/quick/Marshal.4.8/html-proofer-0.2.0.gemspec.rz
HTTP 200 OK https://rubygems.org/quick/Marshal.4.8/html-proofer-0.2.0.gemspec.rz
HTTP GET https://rubygems.org/quick/Marshal.4.8/html-proofer-0.2.1.gemspec.rz
HTTP 200 OK https://rubygems.org/quick/Marshal.4.8/html-proofer-0.2.1.gemspec.rz
HTTP GET https://rubygems.org/quick/Marshal.4.8/html-proofer-0.2.2.gemspec.rz
HTTP 200 OK https://rubygems.org/quick/Marshal.4.8/html-proofer-0.2.2.gemspec.rz
HTTP GET https://rubygems.org/quick/Marshal.4.8/html-proofer-0.2.3.gemspec.rz
HTTP 200 OK https://rubygems.org/quick/Marshal.4.8/html-proofer-0.2.3.gemspec.rz
HTTP GET https://rubygems.org/quick/Marshal.4.8/html-proofer-0.3.0.gemspec.rz
HTTP 200 OK https://rubygems.org/quick/Marshal.4.8/html-proofer-0.3.0.gemspec.rz
HTTP GET https://rubygems.org/quick/Marshal.4.8/html-proofer-0.4.0.gemspec.rz
HTTP 200 OK https://rubygems.org/quick/Marshal.4.8/html-proofer-0.4.0.gemspec.rz
HTTP GET https://rubygems.org/quick/Marshal.4.8/html-proofer-0.4.1.gemspec.rz
HTTP 200 OK https://rubygems.org/quick/Marshal.4.8/html-proofer-0.4.1.gemspec.rz
HTTP GET https://rubygems.org/quick/Marshal.4.8/html-proofer-0.5.0.gemspec.rz
HTTP 200 OK https://rubygems.org/quick/Marshal.4.8/html-proofer-0.5.0.gemspec.rz
HTTP GET https://rubygems.org/quick/Marshal.4.8/html-proofer-0.6.0.gemspec.rz
HTTP 200 OK https://rubygems.org/quick/Marshal.4.8/html-proofer-0.6.0.gemspec.rz
HTTP GET https://rubygems.org/quick/Marshal.4.8/html-proofer-0.6.1.gemspec.rz
HTTP 200 OK https://rubygems.org/quick/Marshal.4.8/html-proofer-0.6.1.gemspec.rz
HTTP GET https://rubygems.org/quick/Marshal.4.8/html-proofer-0.6.2.gemspec.rz
HTTP 200 OK https://rubygems.org/quick/Marshal.4.8/html-proofer-0.6.2.gemspec.rz
HTTP GET https://rubygems.org/quick/Marshal.4.8/html-proofer-0.6.4.gemspec.rz
HTTP 200 OK https://rubygems.org/quick/Marshal.4.8/html-proofer-0.6.4.gemspec.rz
HTTP GET https://rubygems.org/quick/Marshal.4.8/html-proofer-0.6.5.gemspec.rz
HTTP 200 OK https://rubygems.org/quick/Marshal.4.8/html-proofer-0.6.5.gemspec.rz
HTTP GET https://rubygems.org/quick/Marshal.4.8/html-proofer-0.6.6.gemspec.rz
HTTP 200 OK https://rubygems.org/quick/Marshal.4.8/html-proofer-0.6.6.gemspec.rz
HTTP GET https://rubygems.org/quick/Marshal.4.8/html-proofer-0.6.7.gemspec.rz
HTTP 200 OK https://rubygems.org/quick/Marshal.4.8/html-proofer-0.6.7.gemspec.rz
HTTP GET https://rubygems.org/quick/Marshal.4.8/html-proofer-0.6.8.gemspec.rz
HTTP 200 OK https://rubygems.org/quick/Marshal.4.8/html-proofer-0.6.8.gemspec.rz
HTTP GET https://rubygems.org/quick/Marshal.4.8/html-proofer-0.7.0.gemspec.rz
HTTP 200 OK https://rubygems.org/quick/Marshal.4.8/html-proofer-0.7.0.gemspec.rz
HTTP GET https://rubygems.org/quick/Marshal.4.8/html-proofer-0.7.1.gemspec.rz
HTTP 200 OK https://rubygems.org/quick/Marshal.4.8/html-proofer-0.7.1.gemspec.rz
HTTP GET https://rubygems.org/quick/Marshal.4.8/html-proofer-0.7.2.gemspec.rz
HTTP 200 OK https://rubygems.org/quick/Marshal.4.8/html-proofer-0.7.2.gemspec.rz
HTTP GET https://rubygems.org/quick/Marshal.4.8/html-proofer-0.7.3.gemspec.rz
HTTP 200 OK https://rubygems.org/quick/Marshal.4.8/html-proofer-0.7.3.gemspec.rz
HTTP GET https://rubygems.org/quick/Marshal.4.8/html-proofer-0.8.0.gemspec.rz
HTTP 200 OK https://rubygems.org/quick/Marshal.4.8/html-proofer-0.8.0.gemspec.rz
HTTP GET https://rubygems.org/quick/Marshal.4.8/html-proofer-0.9.0.gemspec.rz
HTTP 200 OK https://rubygems.org/quick/Marshal.4.8/html-proofer-0.9.0.gemspec.rz
HTTP GET https://rubygems.org/quick/Marshal.4.8/html-proofer-1.0.0.gemspec.rz
HTTP 200 OK https://rubygems.org/quick/Marshal.4.8/html-proofer-1.0.0.gemspec.rz
HTTP GET https://rubygems.org/quick/Marshal.4.8/html-proofer-1.1.0.gemspec.rz
HTTP 200 OK https://rubygems.org/quick/Marshal.4.8/html-proofer-1.1.0.gemspec.rz
HTTP GET https://rubygems.org/quick/Marshal.4.8/html-proofer-1.1.1.gemspec.rz
HTTP 200 OK https://rubygems.org/quick/Marshal.4.8/html-proofer-1.1.1.gemspec.rz
HTTP GET https://rubygems.org/quick/Marshal.4.8/html-proofer-1.1.2.gemspec.rz
HTTP 200 OK https://rubygems.org/quick/Marshal.4.8/html-proofer-1.1.2.gemspec.rz
HTTP GET https://rubygems.org/quick/Marshal.4.8/html-proofer-1.1.3.gemspec.rz
HTTP 200 OK https://rubygems.org/quick/Marshal.4.8/html-proofer-1.1.3.gemspec.rz
HTTP GET https://rubygems.org/quick/Marshal.4.8/html-proofer-1.1.4.gemspec.rz
HTTP 200 OK https://rubygems.org/quick/Marshal.4.8/html-proofer-1.1.4.gemspec.rz
HTTP GET https://rubygems.org/quick/Marshal.4.8/html-proofer-1.1.5.gemspec.rz
HTTP 200 OK https://rubygems.org/quick/Marshal.4.8/html-proofer-1.1.5.gemspec.rz
HTTP GET https://rubygems.org/quick/Marshal.4.8/html-proofer-1.1.6.gemspec.rz
HTTP 200 OK https://rubygems.org/quick/Marshal.4.8/html-proofer-1.1.6.gemspec.rz
HTTP GET https://rubygems.org/quick/Marshal.4.8/html-proofer-1.2.0.gemspec.rz
HTTP 200 OK https://rubygems.org/quick/Marshal.4.8/html-proofer-1.2.0.gemspec.rz
HTTP GET https://rubygems.org/quick/Marshal.4.8/html-proofer-1.2.1.gemspec.rz
HTTP 200 OK https://rubygems.org/quick/Marshal.4.8/html-proofer-1.2.1.gemspec.rz
HTTP GET https://rubygems.org/quick/Marshal.4.8/html-proofer-1.3.0.gemspec.rz
HTTP 200 OK https://rubygems.org/quick/Marshal.4.8/html-proofer-1.3.0.gemspec.rz
HTTP GET https://rubygems.org/quick/Marshal.4.8/html-proofer-1.3.1.gemspec.rz
HTTP 200 OK https://rubygems.org/quick/Marshal.4.8/html-proofer-1.3.1.gemspec.rz
HTTP GET https://rubygems.org/quick/Marshal.4.8/html-proofer-1.3.2.gemspec.rz
HTTP 200 OK https://rubygems.org/quick/Marshal.4.8/html-proofer-1.3.2.gemspec.rz
HTTP GET https://rubygems.org/quick/Marshal.4.8/html-proofer-1.3.3.gemspec.rz
HTTP 200 OK https://rubygems.org/quick/Marshal.4.8/html-proofer-1.3.3.gemspec.rz
HTTP GET https://rubygems.org/quick/Marshal.4.8/html-proofer-1.4.0.gemspec.rz
HTTP 200 OK https://rubygems.org/quick/Marshal.4.8/html-proofer-1.4.0.gemspec.rz
HTTP GET https://rubygems.org/quick/Marshal.4.8/html-proofer-1.5.0.gemspec.rz
HTTP 200 OK https://rubygems.org/quick/Marshal.4.8/html-proofer-1.5.0.gemspec.rz
HTTP GET https://rubygems.org/quick/Marshal.4.8/html-proofer-1.5.1.gemspec.rz
HTTP 200 OK https://rubygems.org/quick/Marshal.4.8/html-proofer-1.5.1.gemspec.rz
HTTP GET https://rubygems.org/quick/Marshal.4.8/html-proofer-1.5.2.gemspec.rz
HTTP 200 OK https://rubygems.org/quick/Marshal.4.8/html-proofer-1.5.2.gemspec.rz
HTTP GET https://rubygems.org/quick/Marshal.4.8/html-proofer-1.5.3.gemspec.rz
HTTP 200 OK https://rubygems.org/quick/Marshal.4.8/html-proofer-1.5.3.gemspec.rz
HTTP GET https://rubygems.org/quick/Marshal.4.8/html-proofer-1.5.4.gemspec.rz
HTTP 200 OK https://rubygems.org/quick/Marshal.4.8/html-proofer-1.5.4.gemspec.rz
HTTP GET https://rubygems.org/quick/Marshal.4.8/html-proofer-1.6.0.gemspec.rz
HTTP 200 OK https://rubygems.org/quick/Marshal.4.8/html-proofer-1.6.0.gemspec.rz
HTTP GET https://rubygems.org/quick/Marshal.4.8/html-proofer-2.0.0.gemspec.rz
HTTP 200 OK https://rubygems.org/quick/Marshal.4.8/html-proofer-2.0.0.gemspec.rz
HTTP GET https://rubygems.org/quick/Marshal.4.8/html-proofer-2.0.1.gemspec.rz
HTTP 200 OK https://rubygems.org/quick/Marshal.4.8/html-proofer-2.0.1.gemspec.rz
HTTP GET https://rubygems.org/quick/Marshal.4.8/html-proofer-2.0.2.gemspec.rz
HTTP 200 OK https://rubygems.org/quick/Marshal.4.8/html-proofer-2.0.2.gemspec.rz
HTTP GET https://rubygems.org/quick/Marshal.4.8/html-proofer-2.0.3.gemspec.rz
HTTP 200 OK https://rubygems.org/quick/Marshal.4.8/html-proofer-2.0.3.gemspec.rz
HTTP GET https://rubygems.org/quick/Marshal.4.8/html-proofer-2.0.4.gemspec.rz
HTTP 200 OK https://rubygems.org/quick/Marshal.4.8/html-proofer-2.0.4.gemspec.rz
HTTP GET https://rubygems.org/quick/Marshal.4.8/html-proofer-2.0.5.gemspec.rz
HTTP 200 OK https://rubygems.org/quick/Marshal.4.8/html-proofer-2.0.5.gemspec.rz
HTTP GET https://rubygems.org/quick/Marshal.4.8/html-proofer-2.0.6.gemspec.rz
HTTP 200 OK https://rubygems.org/quick/Marshal.4.8/html-proofer-2.0.6.gemspec.rz
HTTP GET https://rubygems.org/quick/Marshal.4.8/html-proofer-2.1.0.gemspec.rz
HTTP 200 OK https://rubygems.org/quick/Marshal.4.8/html-proofer-2.1.0.gemspec.rz
HTTP GET https://rubygems.org/quick/Marshal.4.8/html-proofer-2.2.0.gemspec.rz
HTTP 200 OK https://rubygems.org/quick/Marshal.4.8/html-proofer-2.2.0.gemspec.rz
HTTP GET https://rubygems.org/quick/Marshal.4.8/html-proofer-2.3.0.gemspec.rz
HTTP 200 OK https://rubygems.org/quick/Marshal.4.8/html-proofer-2.3.0.gemspec.rz
HTTP GET https://rubygems.org/quick/Marshal.4.8/html-proofer-2.4.0.gemspec.rz
HTTP 200 OK https://rubygems.org/quick/Marshal.4.8/html-proofer-2.4.0.gemspec.rz
HTTP GET https://rubygems.org/quick/Marshal.4.8/html-proofer-2.4.1.gemspec.rz
HTTP 200 OK https://rubygems.org/quick/Marshal.4.8/html-proofer-2.4.1.gemspec.rz
HTTP GET https://rubygems.org/quick/Marshal.4.8/html-proofer-2.4.2.gemspec.rz
HTTP 200 OK https://rubygems.org/quick/Marshal.4.8/html-proofer-2.4.2.gemspec.rz
HTTP GET https://rubygems.org/quick/Marshal.4.8/html-proofer-2.5.0.gemspec.rz
HTTP 200 OK https://rubygems.org/quick/Marshal.4.8/html-proofer-2.5.0.gemspec.rz
HTTP GET https://rubygems.org/quick/Marshal.4.8/html-proofer-2.5.1.gemspec.rz
HTTP 200 OK https://rubygems.org/quick/Marshal.4.8/html-proofer-2.5.1.gemspec.rz
HTTP GET https://rubygems.org/quick/Marshal.4.8/html-proofer-2.5.2.gemspec.rz
HTTP 200 OK https://rubygems.org/quick/Marshal.4.8/html-proofer-2.5.2.gemspec.rz
HTTP GET https://rubygems.org/quick/Marshal.4.8/html-proofer-2.6.0.gemspec.rz
HTTP 200 OK https://rubygems.org/quick/Marshal.4.8/html-proofer-2.6.0.gemspec.rz
HTTP GET https://rubygems.org/quick/Marshal.4.8/html-proofer-2.6.1.gemspec.rz
HTTP 200 OK https://rubygems.org/quick/Marshal.4.8/html-proofer-2.6.1.gemspec.rz
HTTP GET https://rubygems.org/quick/Marshal.4.8/html-proofer-2.6.2.gemspec.rz
HTTP 200 OK https://rubygems.org/quick/Marshal.4.8/html-proofer-2.6.2.gemspec.rz
HTTP GET https://rubygems.org/quick/Marshal.4.8/html-proofer-2.6.3.gemspec.rz
HTTP 200 OK https://rubygems.org/quick/Marshal.4.8/html-proofer-2.6.3.gemspec.rz
HTTP GET https://rubygems.org/quick/Marshal.4.8/html-proofer-2.6.4.gemspec.rz
HTTP 200 OK https://rubygems.org/quick/Marshal.4.8/html-proofer-2.6.4.gemspec.rz
HTTP GET https://rubygems.org/quick/Marshal.4.8/html-proofer-3.0.0.gemspec.rz
HTTP 200 OK https://rubygems.org/quick/Marshal.4.8/html-proofer-3.0.0.gemspec.rz
HTTP GET https://rubygems.org/quick/Marshal.4.8/html-proofer-3.0.1.gemspec.rz
HTTP 200 OK https://rubygems.org/quick/Marshal.4.8/html-proofer-3.0.1.gemspec.rz
HTTP GET https://rubygems.org/quick/Marshal.4.8/html-proofer-3.0.2.gemspec.rz
HTTP 200 OK https://rubygems.org/quick/Marshal.4.8/html-proofer-3.0.2.gemspec.rz
HTTP GET https://rubygems.org/quick/Marshal.4.8/html-proofer-3.0.3.gemspec.rz
HTTP 200 OK https://rubygems.org/quick/Marshal.4.8/html-proofer-3.0.3.gemspec.rz
HTTP GET https://rubygems.org/quick/Marshal.4.8/html-proofer-3.0.4.gemspec.rz
HTTP 200 OK https://rubygems.org/quick/Marshal.4.8/html-proofer-3.0.4.gemspec.rz
HTTP GET https://rubygems.org/quick/Marshal.4.8/html-proofer-3.0.5.gemspec.rz
HTTP 200 OK https://rubygems.org/quick/Marshal.4.8/html-proofer-3.0.5.gemspec.rz
HTTP GET https://rubygems.org/quick/Marshal.4.8/html-proofer-3.0.6.gemspec.rz
HTTP 200 OK https://rubygems.org/quick/Marshal.4.8/html-proofer-3.0.6.gemspec.rz
HTTP GET https://rubygems.org/quick/Marshal.4.8/html-proofer-3.1.0.gemspec.rz
HTTP 200 OK https://rubygems.org/quick/Marshal.4.8/html-proofer-3.1.0.gemspec.rz
HTTP GET https://rubygems.org/quick/Marshal.4.8/html-proofer-3.2.0.gemspec.rz
HTTP 200 OK https://rubygems.org/quick/Marshal.4.8/html-proofer-3.2.0.gemspec.rz
HTTP GET https://rubygems.org/quick/Marshal.4.8/html-proofer-3.3.0.gemspec.rz
HTTP 200 OK https://rubygems.org/quick/Marshal.4.8/html-proofer-3.3.0.gemspec.rz
HTTP GET https://rubygems.org/quick/Marshal.4.8/html-proofer-3.3.1.gemspec.rz
HTTP 200 OK https://rubygems.org/quick/Marshal.4.8/html-proofer-3.3.1.gemspec.rz
HTTP GET https://rubygems.org/quick/Marshal.4.8/html-proofer-3.4.0.gemspec.rz
HTTP 200 OK https://rubygems.org/quick/Marshal.4.8/html-proofer-3.4.0.gemspec.rz
HTTP GET https://rubygems.org/quick/Marshal.4.8/html-proofer-3.5.0.gemspec.rz
HTTP 200 OK https://rubygems.org/quick/Marshal.4.8/html-proofer-3.5.0.gemspec.rz
HTTP GET https://rubygems.org/quick/Marshal.4.8/html-proofer-3.6.0.gemspec.rz
HTTP 200 OK https://rubygems.org/quick/Marshal.4.8/html-proofer-3.6.0.gemspec.rz
HTTP GET https://rubygems.org/quick/Marshal.4.8/html-proofer-3.7.0.gemspec.rz
HTTP 200 OK https://rubygems.org/quick/Marshal.4.8/html-proofer-3.7.0.gemspec.rz
HTTP GET https://rubygems.org/quick/Marshal.4.8/html-proofer-3.7.1.gemspec.rz
HTTP 200 OK https://rubygems.org/quick/Marshal.4.8/html-proofer-3.7.1.gemspec.rz
HTTP GET https://rubygems.org/quick/Marshal.4.8/html-proofer-3.7.2.gemspec.rz
HTTP 200 OK https://rubygems.org/quick/Marshal.4.8/html-proofer-3.7.2.gemspec.rz
HTTP GET https://rubygems.org/quick/Marshal.4.8/html-proofer-3.7.3.gemspec.rz
HTTP 200 OK https://rubygems.org/quick/Marshal.4.8/html-proofer-3.7.3.gemspec.rz
HTTP GET https://rubygems.org/quick/Marshal.4.8/html-proofer-3.7.4.gemspec.rz
HTTP 200 OK https://rubygems.org/quick/Marshal.4.8/html-proofer-3.7.4.gemspec.rz
HTTP GET https://rubygems.org/quick/Marshal.4.8/html-proofer-3.7.5.gemspec.rz
HTTP 200 OK https://rubygems.org/quick/Marshal.4.8/html-proofer-3.7.5.gemspec.rz
HTTP GET https://rubygems.org/quick/Marshal.4.8/html-proofer-3.7.6.gemspec.rz
HTTP 200 OK https://rubygems.org/quick/Marshal.4.8/html-proofer-3.7.6.gemspec.rz
HTTP GET https://rubygems.org/quick/Marshal.4.8/html-proofer-3.8.0.gemspec.rz
HTTP 200 OK https://rubygems.org/quick/Marshal.4.8/html-proofer-3.8.0.gemspec.rz
HTTP GET https://rubygems.org/quick/Marshal.4.8/html-proofer-3.9.0.gemspec.rz
HTTP 200 OK https://rubygems.org/quick/Marshal.4.8/html-proofer-3.9.0.gemspec.rz
HTTP GET https://rubygems.org/quick/Marshal.4.8/html-proofer-3.9.1.gemspec.rz
HTTP 200 OK https://rubygems.org/quick/Marshal.4.8/html-proofer-3.9.1.gemspec.rz
HTTP GET https://rubygems.org/quick/Marshal.4.8/html-proofer-3.9.2.gemspec.rz
HTTP 200 OK https://rubygems.org/quick/Marshal.4.8/html-proofer-3.9.2.gemspec.rz
HTTP GET https://rubygems.org/quick/Marshal.4.8/html-proofer-3.9.3.gemspec.rz
HTTP 200 OK https://rubygems.org/quick/Marshal.4.8/html-proofer-3.9.3.gemspec.rz
HTTP GET https://rubygems.org/quick/Marshal.4.8/html-proofer-3.10.0.gemspec.rz
HTTP 200 OK https://rubygems.org/quick/Marshal.4.8/html-proofer-3.10.0.gemspec.rz
HTTP GET https://rubygems.org/quick/Marshal.4.8/html-proofer-3.10.1.gemspec.rz
HTTP 200 OK https://rubygems.org/quick/Marshal.4.8/html-proofer-3.10.1.gemspec.rz
HTTP GET https://rubygems.org/quick/Marshal.4.8/html-proofer-3.10.2.gemspec.rz
HTTP 200 OK https://rubygems.org/quick/Marshal.4.8/html-proofer-3.10.2.gemspec.rz
HTTP GET https://rubygems.org/quick/Marshal.4.8/html-proofer-3.11.0.gemspec.rz
HTTP 200 OK https://rubygems.org/quick/Marshal.4.8/html-proofer-3.11.0.gemspec.rz
HTTP GET https://rubygems.org/quick/Marshal.4.8/html-proofer-3.11.1.gemspec.rz
HTTP 200 OK https://rubygems.org/quick/Marshal.4.8/html-proofer-3.11.1.gemspec.rz
HTTP GET https://rubygems.org/quick/Marshal.4.8/html-proofer-3.12.0.gemspec.rz
HTTP 200 OK https://rubygems.org/quick/Marshal.4.8/html-proofer-3.12.0.gemspec.rz
HTTP GET https://rubygems.org/quick/Marshal.4.8/html-proofer-3.12.1.gemspec.rz
HTTP 200 OK https://rubygems.org/quick/Marshal.4.8/html-proofer-3.12.1.gemspec.rz
HTTP GET https://rubygems.org/quick/Marshal.4.8/html-proofer-3.12.2.gemspec.rz
HTTP 200 OK https://rubygems.org/quick/Marshal.4.8/html-proofer-3.12.2.gemspec.rz
HTTP GET https://rubygems.org/quick/Marshal.4.8/html-proofer-3.13.0.gemspec.rz
HTTP 200 OK https://rubygems.org/quick/Marshal.4.8/html-proofer-3.13.0.gemspec.rz
HTTP GET https://rubygems.org/quick/Marshal.4.8/html-proofer-3.14.0.gemspec.rz
HTTP 200 OK https://rubygems.org/quick/Marshal.4.8/html-proofer-3.14.0.gemspec.rz
HTTP GET https://rubygems.org/quick/Marshal.4.8/html-proofer-3.14.1.gemspec.rz
HTTP 200 OK https://rubygems.org/quick/Marshal.4.8/html-proofer-3.14.1.gemspec.rz
HTTP GET https://rubygems.org/quick/Marshal.4.8/html-proofer-3.15.0.gemspec.rz
HTTP 200 OK https://rubygems.org/quick/Marshal.4.8/html-proofer-3.15.0.gemspec.rz
HTTP GET https://rubygems.org/quick/Marshal.4.8/html-proofer-3.15.1.gemspec.rz
HTTP 200 OK https://rubygems.org/quick/Marshal.4.8/html-proofer-3.15.1.gemspec.rz
HTTP GET https://rubygems.org/quick/Marshal.4.8/html-proofer-3.15.2.gemspec.rz
HTTP 200 OK https://rubygems.org/quick/Marshal.4.8/html-proofer-3.15.2.gemspec.rz
HTTP GET https://rubygems.org/quick/Marshal.4.8/html-proofer-3.15.3.gemspec.rz
HTTP 200 OK https://rubygems.org/quick/Marshal.4.8/html-proofer-3.15.3.gemspec.rz
HTTP GET https://rubygems.org/quick/Marshal.4.8/html-proofer-3.16.0.gemspec.rz
HTTP 200 OK https://rubygems.org/quick/Marshal.4.8/html-proofer-3.16.0.gemspec.rz
HTTP GET https://rubygems.org/quick/Marshal.4.8/html-proofer-3.17.0.gemspec.rz
HTTP 200 OK https://rubygems.org/quick/Marshal.4.8/html-proofer-3.17.0.gemspec.rz
HTTP GET https://rubygems.org/quick/Marshal.4.8/html-proofer-3.17.1.gemspec.rz
HTTP 200 OK https://rubygems.org/quick/Marshal.4.8/html-proofer-3.17.1.gemspec.rz
HTTP GET https://rubygems.org/quick/Marshal.4.8/html-proofer-3.17.2.gemspec.rz
HTTP 200 OK https://rubygems.org/quick/Marshal.4.8/html-proofer-3.17.2.gemspec.rz
HTTP GET https://rubygems.org/quick/Marshal.4.8/html-proofer-3.17.3.gemspec.rz
HTTP 200 OK https://rubygems.org/quick/Marshal.4.8/html-proofer-3.17.3.gemspec.rz
HTTP GET https://rubygems.org/quick/Marshal.4.8/html-proofer-3.17.4.gemspec.rz
HTTP 200 OK https://rubygems.org/quick/Marshal.4.8/html-proofer-3.17.4.gemspec.rz
HTTP GET https://rubygems.org/quick/Marshal.4.8/html-proofer-3.18.0.gemspec.rz
HTTP 200 OK https://rubygems.org/quick/Marshal.4.8/html-proofer-3.18.0.gemspec.rz
HTTP GET https://rubygems.org/quick/Marshal.4.8/html-proofer-3.18.1.gemspec.rz
HTTP 200 OK https://rubygems.org/quick/Marshal.4.8/html-proofer-3.18.1.gemspec.rz
HTTP GET https://rubygems.org/quick/Marshal.4.8/html-proofer-3.18.2.gemspec.rz
HTTP 200 OK https://rubygems.org/quick/Marshal.4.8/html-proofer-3.18.2.gemspec.rz
HTTP GET https://rubygems.org/quick/Marshal.4.8/html-proofer-3.18.3.gemspec.rz
HTTP 200 OK https://rubygems.org/quick/Marshal.4.8/html-proofer-3.18.3.gemspec.rz
HTTP GET https://rubygems.org/quick/Marshal.4.8/html-proofer-3.18.4.gemspec.rz
HTTP 200 OK https://rubygems.org/quick/Marshal.4.8/html-proofer-3.18.4.gemspec.rz
HTTP GET https://rubygems.org/quick/Marshal.4.8/html-proofer-3.18.5.gemspec.rz
HTTP 200 OK https://rubygems.org/quick/Marshal.4.8/html-proofer-3.18.5.gemspec.rz
HTTP GET https://rubygems.org/quick/Marshal.4.8/html-proofer-3.18.6.gemspec.rz
HTTP 200 OK https://rubygems.org/quick/Marshal.4.8/html-proofer-3.18.6.gemspec.rz
HTTP GET https://rubygems.org/quick/Marshal.4.8/html-proofer-3.18.7.gemspec.rz
HTTP 200 OK https://rubygems.org/quick/Marshal.4.8/html-proofer-3.18.7.gemspec.rz
HTTP GET https://rubygems.org/quick/Marshal.4.8/html-proofer-3.18.8.gemspec.rz
HTTP 200 OK https://rubygems.org/quick/Marshal.4.8/html-proofer-3.18.8.gemspec.rz
HTTP GET https://rubygems.org/quick/Marshal.4.8/html-proofer-3.19.0.gemspec.rz
HTTP 200 OK https://rubygems.org/quick/Marshal.4.8/html-proofer-3.19.0.gemspec.rz
HTTP GET https://rubygems.org/quick/Marshal.4.8/html-proofer-3.19.1.gemspec.rz
HTTP 200 OK https://rubygems.org/quick/Marshal.4.8/html-proofer-3.19.1.gemspec.rz
HTTP GET https://rubygems.org/quick/Marshal.4.8/html-proofer-3.19.2.gemspec.rz
HTTP 200 OK https://rubygems.org/quick/Marshal.4.8/html-proofer-3.19.2.gemspec.rz
HTTP GET https://rubygems.org/quick/Marshal.4.8/html-proofer-3.19.3.gemspec.rz
HTTP 200 OK https://rubygems.org/quick/Marshal.4.8/html-proofer-3.19.3.gemspec.rz
HTTP GET https://rubygems.org/quick/Marshal.4.8/html-proofer-3.19.4.gemspec.rz
HTTP 200 OK https://rubygems.org/quick/Marshal.4.8/html-proofer-3.19.4.gemspec.rz
HTTP GET https://rubygems.org/quick/Marshal.4.8/html-proofer-4.0.0.gemspec.rz
HTTP 200 OK https://rubygems.org/quick/Marshal.4.8/html-proofer-4.0.0.gemspec.rz
HTTP GET https://rubygems.org/quick/Marshal.4.8/html-proofer-4.0.1.gemspec.rz
HTTP 200 OK https://rubygems.org/quick/Marshal.4.8/html-proofer-4.0.1.gemspec.rz
HTTP GET https://rubygems.org/quick/Marshal.4.8/html-proofer-4.1.0.gemspec.rz
HTTP 200 OK https://rubygems.org/quick/Marshal.4.8/html-proofer-4.1.0.gemspec.rz
HTTP GET https://rubygems.org/quick/Marshal.4.8/html-proofer-4.2.0.gemspec.rz
HTTP 200 OK https://rubygems.org/quick/Marshal.4.8/html-proofer-4.2.0.gemspec.rz
HTTP GET https://rubygems.org/quick/Marshal.4.8/html-proofer-4.3.0.gemspec.rz
HTTP 200 OK https://rubygems.org/quick/Marshal.4.8/html-proofer-4.3.0.gemspec.rz
HTTP GET https://rubygems.org/quick/Marshal.4.8/html-proofer-4.3.1.gemspec.rz
HTTP 200 OK https://rubygems.org/quick/Marshal.4.8/html-proofer-4.3.1.gemspec.rz
HTTP GET https://rubygems.org/quick/Marshal.4.8/html-proofer-4.3.2.gemspec.rz
HTTP 200 OK https://rubygems.org/quick/Marshal.4.8/html-proofer-4.3.2.gemspec.rz
HTTP GET https://rubygems.org/quick/Marshal.4.8/html-proofer-4.4.0.gemspec.rz
HTTP 200 OK https://rubygems.org/quick/Marshal.4.8/html-proofer-4.4.0.gemspec.rz
HTTP GET https://rubygems.org/quick/Marshal.4.8/html-proofer-4.4.1.gemspec.rz
HTTP 200 OK https://rubygems.org/quick/Marshal.4.8/html-proofer-4.4.1.gemspec.rz
HTTP GET https://rubygems.org/quick/Marshal.4.8/html-proofer-4.4.2.gemspec.rz
HTTP 200 OK https://rubygems.org/quick/Marshal.4.8/html-proofer-4.4.2.gemspec.rz
HTTP GET https://rubygems.org/quick/Marshal.4.8/html-proofer-4.4.3.gemspec.rz
HTTP 200 OK https://rubygems.org/quick/Marshal.4.8/html-proofer-4.4.3.gemspec.rz
HTTP GET https://rubygems.org/quick/Marshal.4.8/html-proofer-5.0.0.gemspec.rz
HTTP 200 OK https://rubygems.org/quick/Marshal.4.8/html-proofer-5.0.0.gemspec.rz
HTTP GET https://rubygems.org/quick/Marshal.4.8/html-proofer-5.0.1.gemspec.rz
HTTP 200 OK https://rubygems.org/quick/Marshal.4.8/html-proofer-5.0.1.gemspec.rz
HTTP GET https://rubygems.org/quick/Marshal.4.8/html-proofer-5.0.2.gemspec.rz
HTTP 200 OK https://rubygems.org/quick/Marshal.4.8/html-proofer-5.0.2.gemspec.rz
HTTP GET https://rubygems.org/quick/Marshal.4.8/html-proofer-5.0.3.gemspec.rz
HTTP 200 OK https://rubygems.org/quick/Marshal.4.8/html-proofer-5.0.3.gemspec.rz
HTTP GET https://rubygems.org/quick/Marshal.4.8/html-proofer-5.0.4.gemspec.rz
HTTP 200 OK https://rubygems.org/quick/Marshal.4.8/html-proofer-5.0.4.gemspec.rz
HTTP GET https://rubygems.org/quick/Marshal.4.8/html-proofer-5.0.5.gemspec.rz
HTTP 200 OK https://rubygems.org/quick/Marshal.4.8/html-proofer-5.0.5.gemspec.rz
HTTP GET https://rubygems.org/quick/Marshal.4.8/html-proofer-5.0.6.gemspec.rz
HTTP 200 OK https://rubygems.org/quick/Marshal.4.8/html-proofer-5.0.6.gemspec.rz
HTTP GET https://rubygems.org/quick/Marshal.4.8/html-proofer-5.0.7.gemspec.rz
HTTP 200 OK https://rubygems.org/quick/Marshal.4.8/html-proofer-5.0.7.gemspec.rz
HTTP GET https://rubygems.org/quick/Marshal.4.8/html-proofer-5.0.8.gemspec.rz
HTTP 200 OK https://rubygems.org/quick/Marshal.4.8/html-proofer-5.0.8.gemspec.rz
HTTP GET https://rubygems.org/quick/Marshal.4.8/html-proofer-5.0.9.gemspec.rz
HTTP 200 OK https://rubygems.org/quick/Marshal.4.8/html-proofer-5.0.9.gemspec.rz
HTTP GET https://rubygems.org/quick/Marshal.4.8/html-proofer-5.0.10.gemspec.rz
HTTP 200 OK https://rubygems.org/quick/Marshal.4.8/html-proofer-5.0.10.gemspec.rz
HTTP GET https://rubygems.org/quick/Marshal.4.8/html-proofer-5.1.0.gemspec.rz
HTTP 200 OK https://rubygems.org/quick/Marshal.4.8/html-proofer-5.1.0.gemspec.rz
HTTP GET https://rubygems.org/quick/Marshal.4.8/html-proofer-5.1.1.gemspec.rz
HTTP 200 OK https://rubygems.org/quick/Marshal.4.8/html-proofer-5.1.1.gemspec.rz
HTTP GET https://rubygems.org/quick/Marshal.4.8/html-proofer-5.2.0.gemspec.rz
HTTP 200 OK https://rubygems.org/quick/Marshal.4.8/html-proofer-5.2.0.gemspec.rz
HTTP GET https://rubygems.org/quick/Marshal.4.8/html-proofer-5.2.1.gemspec.rz
HTTP 200 OK https://rubygems.org/quick/Marshal.4.8/html-proofer-5.2.1.gemspec.rz
HTTP GET https://rubygems.org/quick/Marshal.4.8/html-proofer-5.2.2.gemspec.rz
HTTP 200 OK https://rubygems.org/quick/Marshal.4.8/html-proofer-5.2.2.gemspec.rz
HTTP GET https://rubygems.org/quick/Marshal.4.8/tzinfo-0.0.1.gemspec.rz
HTTP 200 OK https://rubygems.org/quick/Marshal.4.8/tzinfo-0.0.1.gemspec.rz
HTTP GET https://rubygems.org/quick/Marshal.4.8/tzinfo-0.0.2.gemspec.rz
HTTP 200 OK https://rubygems.org/quick/Marshal.4.8/tzinfo-0.0.2.gemspec.rz
HTTP GET https://rubygems.org/quick/Marshal.4.8/tzinfo-0.0.3.gemspec.rz
HTTP 200 OK https://rubygems.org/quick/Marshal.4.8/tzinfo-0.0.3.gemspec.rz
HTTP GET https://rubygems.org/quick/Marshal.4.8/tzinfo-0.0.4.gemspec.rz
HTTP 200 OK https://rubygems.org/quick/Marshal.4.8/tzinfo-0.0.4.gemspec.rz
HTTP GET https://rubygems.org/quick/Marshal.4.8/tzinfo-0.1.0.gemspec.rz
HTTP 200 OK https://rubygems.org/quick/Marshal.4.8/tzinfo-0.1.0.gemspec.rz
HTTP GET https://rubygems.org/quick/Marshal.4.8/tzinfo-0.1.1.gemspec.rz
HTTP 200 OK https://rubygems.org/quick/Marshal.4.8/tzinfo-0.1.1.gemspec.rz
HTTP GET https://rubygems.org/quick/Marshal.4.8/tzinfo-0.1.2.gemspec.rz
HTTP 200 OK https://rubygems.org/quick/Marshal.4.8/tzinfo-0.1.2.gemspec.rz
HTTP GET https://rubygems.org/quick/Marshal.4.8/tzinfo-0.2.0.gemspec.rz
HTTP 200 OK https://rubygems.org/quick/Marshal.4.8/tzinfo-0.2.0.gemspec.rz
HTTP GET https://rubygems.org/quick/Marshal.4.8/tzinfo-0.2.1.gemspec.rz
HTTP 200 OK https://rubygems.org/quick/Marshal.4.8/tzinfo-0.2.1.gemspec.rz
HTTP GET https://rubygems.org/quick/Marshal.4.8/tzinfo-0.2.2.gemspec.rz
HTTP 200 OK https://rubygems.org/quick/Marshal.4.8/tzinfo-0.2.2.gemspec.rz
HTTP GET https://rubygems.org/quick/Marshal.4.8/tzinfo-0.3.0.gemspec.rz
HTTP 200 OK https://rubygems.org/quick/Marshal.4.8/tzinfo-0.3.0.gemspec.rz
HTTP GET https://rubygems.org/quick/Marshal.4.8/tzinfo-0.3.1.gemspec.rz
HTTP 200 OK https://rubygems.org/quick/Marshal.4.8/tzinfo-0.3.1.gemspec.rz
HTTP GET https://rubygems.org/quick/Marshal.4.8/tzinfo-0.3.2.gemspec.rz
HTTP 200 OK https://rubygems.org/quick/Marshal.4.8/tzinfo-0.3.2.gemspec.rz
HTTP GET https://rubygems.org/quick/Marshal.4.8/tzinfo-0.3.3.gemspec.rz
HTTP 200 OK https://rubygems.org/quick/Marshal.4.8/tzinfo-0.3.3.gemspec.rz
HTTP GET https://rubygems.org/quick/Marshal.4.8/tzinfo-0.3.4.gemspec.rz
HTTP 200 OK https://rubygems.org/quick/Marshal.4.8/tzinfo-0.3.4.gemspec.rz
HTTP GET https://rubygems.org/quick/Marshal.4.8/tzinfo-0.3.5.gemspec.rz
HTTP 200 OK https://rubygems.org/quick/Marshal.4.8/tzinfo-0.3.5.gemspec.rz
HTTP GET https://rubygems.org/quick/Marshal.4.8/tzinfo-0.3.6.gemspec.rz
HTTP 200 OK https://rubygems.org/quick/Marshal.4.8/tzinfo-0.3.6.gemspec.rz
HTTP GET https://rubygems.org/quick/Marshal.4.8/tzinfo-0.3.7.gemspec.rz
HTTP 200 OK https://rubygems.org/quick/Marshal.4.8/tzinfo-0.3.7.gemspec.rz
HTTP GET https://rubygems.org/quick/Marshal.4.8/tzinfo-0.3.8.gemspec.rz
HTTP 200 OK https://rubygems.org/quick/Marshal.4.8/tzinfo-0.3.8.gemspec.rz
HTTP GET https://rubygems.org/quick/Marshal.4.8/tzinfo-0.3.9.gemspec.rz
HTTP 200 OK https://rubygems.org/quick/Marshal.4.8/tzinfo-0.3.9.gemspec.rz
HTTP GET https://rubygems.org/quick/Marshal.4.8/tzinfo-0.3.10.gemspec.rz
HTTP 200 OK https://rubygems.org/quick/Marshal.4.8/tzinfo-0.3.10.gemspec.rz
HTTP GET https://rubygems.org/quick/Marshal.4.8/tzinfo-0.3.11.gemspec.rz
HTTP 200 OK https://rubygems.org/quick/Marshal.4.8/tzinfo-0.3.11.gemspec.rz
HTTP GET https://rubygems.org/quick/Marshal.4.8/tzinfo-0.3.12.gemspec.rz
HTTP 200 OK https://rubygems.org/quick/Marshal.4.8/tzinfo-0.3.12.gemspec.rz
HTTP GET https://rubygems.org/quick/Marshal.4.8/tzinfo-0.3.13.gemspec.rz
HTTP 200 OK https://rubygems.org/quick/Marshal.4.8/tzinfo-0.3.13.gemspec.rz
HTTP GET https://rubygems.org/quick/Marshal.4.8/tzinfo-0.3.14.gemspec.rz
HTTP 200 OK https://rubygems.org/quick/Marshal.4.8/tzinfo-0.3.14.gemspec.rz
HTTP GET https://rubygems.org/quick/Marshal.4.8/tzinfo-0.3.15.gemspec.rz
HTTP 200 OK https://rubygems.org/quick/Marshal.4.8/tzinfo-0.3.15.gemspec.rz
HTTP GET https://rubygems.org/quick/Marshal.4.8/tzinfo-0.3.16.gemspec.rz
HTTP 200 OK https://rubygems.org/quick/Marshal.4.8/tzinfo-0.3.16.gemspec.rz
HTTP GET https://rubygems.org/quick/Marshal.4.8/tzinfo-0.3.17.gemspec.rz
HTTP 200 OK https://rubygems.org/quick/Marshal.4.8/tzinfo-0.3.17.gemspec.rz
HTTP GET https://rubygems.org/quick/Marshal.4.8/tzinfo-0.3.18.gemspec.rz
HTTP 200 OK https://rubygems.org/quick/Marshal.4.8/tzinfo-0.3.18.gemspec.rz
HTTP GET https://rubygems.org/quick/Marshal.4.8/tzinfo-0.3.19.gemspec.rz
HTTP 200 OK https://rubygems.org/quick/Marshal.4.8/tzinfo-0.3.19.gemspec.rz
HTTP GET https://rubygems.org/quick/Marshal.4.8/tzinfo-0.3.20.gemspec.rz
HTTP 200 OK https://rubygems.org/quick/Marshal.4.8/tzinfo-0.3.20.gemspec.rz
HTTP GET https://rubygems.org/quick/Marshal.4.8/tzinfo-0.3.21.gemspec.rz
HTTP 200 OK https://rubygems.org/quick/Marshal.4.8/tzinfo-0.3.21.gemspec.rz
HTTP GET https://rubygems.org/quick/Marshal.4.8/tzinfo-0.3.22.gemspec.rz
HTTP 200 OK https://rubygems.org/quick/Marshal.4.8/tzinfo-0.3.22.gemspec.rz
HTTP GET https://rubygems.org/quick/Marshal.4.8/tzinfo-0.3.23.gemspec.rz
HTTP 200 OK https://rubygems.org/quick/Marshal.4.8/tzinfo-0.3.23.gemspec.rz
HTTP GET https://rubygems.org/quick/Marshal.4.8/tzinfo-0.3.24.gemspec.rz
HTTP 200 OK https://rubygems.org/quick/Marshal.4.8/tzinfo-0.3.24.gemspec.rz
HTTP GET https://rubygems.org/quick/Marshal.4.8/tzinfo-0.3.25.gemspec.rz
HTTP 200 OK https://rubygems.org/quick/Marshal.4.8/tzinfo-0.3.25.gemspec.rz
HTTP GET https://rubygems.org/quick/Marshal.4.8/tzinfo-0.3.26.gemspec.rz
HTTP 200 OK https://rubygems.org/quick/Marshal.4.8/tzinfo-0.3.26.gemspec.rz
HTTP GET https://rubygems.org/quick/Marshal.4.8/tzinfo-0.3.27.gemspec.rz
HTTP 200 OK https://rubygems.org/quick/Marshal.4.8/tzinfo-0.3.27.gemspec.rz
HTTP GET https://rubygems.org/quick/Marshal.4.8/tzinfo-0.3.28.gemspec.rz
HTTP 200 OK https://rubygems.org/quick/Marshal.4.8/tzinfo-0.3.28.gemspec.rz
HTTP GET https://rubygems.org/quick/Marshal.4.8/tzinfo-0.3.29.gemspec.rz
HTTP 200 OK https://rubygems.org/quick/Marshal.4.8/tzinfo-0.3.29.gemspec.rz
HTTP GET https://rubygems.org/quick/Marshal.4.8/tzinfo-0.3.30.gemspec.rz
HTTP 200 OK https://rubygems.org/quick/Marshal.4.8/tzinfo-0.3.30.gemspec.rz
HTTP GET https://rubygems.org/quick/Marshal.4.8/tzinfo-0.3.31.gemspec.rz
HTTP 200 OK https://rubygems.org/quick/Marshal.4.8/tzinfo-0.3.31.gemspec.rz
HTTP GET https://rubygems.org/quick/Marshal.4.8/tzinfo-0.3.32.gemspec.rz
HTTP 200 OK https://rubygems.org/quick/Marshal.4.8/tzinfo-0.3.32.gemspec.rz
HTTP GET https://rubygems.org/quick/Marshal.4.8/tzinfo-0.3.33.gemspec.rz
HTTP 200 OK https://rubygems.org/quick/Marshal.4.8/tzinfo-0.3.33.gemspec.rz
HTTP GET https://rubygems.org/quick/Marshal.4.8/tzinfo-0.3.34.gemspec.rz
HTTP 200 OK https://rubygems.org/quick/Marshal.4.8/tzinfo-0.3.34.gemspec.rz
HTTP GET https://rubygems.org/quick/Marshal.4.8/tzinfo-0.3.35.gemspec.rz
HTTP 200 OK https://rubygems.org/quick/Marshal.4.8/tzinfo-0.3.35.gemspec.rz
HTTP GET https://rubygems.org/quick/Marshal.4.8/tzinfo-0.3.36.gemspec.rz
HTTP 200 OK https://rubygems.org/quick/Marshal.4.8/tzinfo-0.3.36.gemspec.rz
HTTP GET https://rubygems.org/quick/Marshal.4.8/tzinfo-0.3.37.gemspec.rz
HTTP 200 OK https://rubygems.org/quick/Marshal.4.8/tzinfo-0.3.37.gemspec.rz
HTTP GET https://rubygems.org/quick/Marshal.4.8/tzinfo-0.3.38.gemspec.rz
HTTP 200 OK https://rubygems.org/quick/Marshal.4.8/tzinfo-0.3.38.gemspec.rz
HTTP GET https://rubygems.org/quick/Marshal.4.8/tzinfo-0.3.39.gemspec.rz
HTTP 200 OK https://rubygems.org/quick/Marshal.4.8/tzinfo-0.3.39.gemspec.rz
HTTP GET https://rubygems.org/quick/Marshal.4.8/tzinfo-0.3.40.gemspec.rz
HTTP 200 OK https://rubygems.org/quick/Marshal.4.8/tzinfo-0.3.40.gemspec.rz
HTTP GET https://rubygems.org/quick/Marshal.4.8/tzinfo-0.3.41.gemspec.rz
HTTP 200 OK https://rubygems.org/quick/Marshal.4.8/tzinfo-0.3.41.gemspec.rz
HTTP GET https://rubygems.org/quick/Marshal.4.8/tzinfo-0.3.42.gemspec.rz
HTTP 200 OK https://rubygems.org/quick/Marshal.4.8/tzinfo-0.3.42.gemspec.rz
HTTP GET https://rubygems.org/quick/Marshal.4.8/tzinfo-0.3.43.gemspec.rz
HTTP 200 OK https://rubygems.org/quick/Marshal.4.8/tzinfo-0.3.43.gemspec.rz
HTTP GET https://rubygems.org/quick/Marshal.4.8/tzinfo-0.3.44.gemspec.rz
HTTP 200 OK https://rubygems.org/quick/Marshal.4.8/tzinfo-0.3.44.gemspec.rz
HTTP GET https://rubygems.org/quick/Marshal.4.8/tzinfo-0.3.45.gemspec.rz
HTTP 200 OK https://rubygems.org/quick/Marshal.4.8/tzinfo-0.3.45.gemspec.rz
HTTP GET https://rubygems.org/quick/Marshal.4.8/tzinfo-0.3.46.gemspec.rz
HTTP 200 OK https://rubygems.org/quick/Marshal.4.8/tzinfo-0.3.46.gemspec.rz
HTTP GET https://rubygems.org/quick/Marshal.4.8/tzinfo-0.3.47.gemspec.rz
HTTP 200 OK https://rubygems.org/quick/Marshal.4.8/tzinfo-0.3.47.gemspec.rz
HTTP GET https://rubygems.org/quick/Marshal.4.8/tzinfo-0.3.48.gemspec.rz
HTTP 200 OK https://rubygems.org/quick/Marshal.4.8/tzinfo-0.3.48.gemspec.rz
HTTP GET https://rubygems.org/quick/Marshal.4.8/tzinfo-0.3.49.gemspec.rz
HTTP 200 OK https://rubygems.org/quick/Marshal.4.8/tzinfo-0.3.49.gemspec.rz
HTTP GET https://rubygems.org/quick/Marshal.4.8/tzinfo-0.3.50.gemspec.rz
HTTP 200 OK https://rubygems.org/quick/Marshal.4.8/tzinfo-0.3.50.gemspec.rz
HTTP GET https://rubygems.org/quick/Marshal.4.8/tzinfo-0.3.51.gemspec.rz
HTTP 200 OK https://rubygems.org/quick/Marshal.4.8/tzinfo-0.3.51.gemspec.rz
HTTP GET https://rubygems.org/quick/Marshal.4.8/tzinfo-0.3.52.gemspec.rz
HTTP 200 OK https://rubygems.org/quick/Marshal.4.8/tzinfo-0.3.52.gemspec.rz
HTTP GET https://rubygems.org/quick/Marshal.4.8/tzinfo-0.3.53.gemspec.rz
HTTP 200 OK https://rubygems.org/quick/Marshal.4.8/tzinfo-0.3.53.gemspec.rz
HTTP GET https://rubygems.org/quick/Marshal.4.8/tzinfo-0.3.54.gemspec.rz
HTTP 200 OK https://rubygems.org/quick/Marshal.4.8/tzinfo-0.3.54.gemspec.rz
HTTP GET https://rubygems.org/quick/Marshal.4.8/tzinfo-0.3.55.gemspec.rz
HTTP 200 OK https://rubygems.org/quick/Marshal.4.8/tzinfo-0.3.55.gemspec.rz
HTTP GET https://rubygems.org/quick/Marshal.4.8/tzinfo-0.3.56.gemspec.rz
HTTP 200 OK https://rubygems.org/quick/Marshal.4.8/tzinfo-0.3.56.gemspec.rz
HTTP GET https://rubygems.org/quick/Marshal.4.8/tzinfo-0.3.57.gemspec.rz
HTTP 200 OK https://rubygems.org/quick/Marshal.4.8/tzinfo-0.3.57.gemspec.rz
HTTP GET https://rubygems.org/quick/Marshal.4.8/tzinfo-0.3.58.gemspec.rz
HTTP 200 OK https://rubygems.org/quick/Marshal.4.8/tzinfo-0.3.58.gemspec.rz
HTTP GET https://rubygems.org/quick/Marshal.4.8/tzinfo-0.3.59.gemspec.rz
HTTP 200 OK https://rubygems.org/quick/Marshal.4.8/tzinfo-0.3.59.gemspec.rz
HTTP GET https://rubygems.org/quick/Marshal.4.8/tzinfo-0.3.60.gemspec.rz
HTTP 200 OK https://rubygems.org/quick/Marshal.4.8/tzinfo-0.3.60.gemspec.rz
HTTP GET https://rubygems.org/quick/Marshal.4.8/tzinfo-0.3.61.gemspec.rz
HTTP 200 OK https://rubygems.org/quick/Marshal.4.8/tzinfo-0.3.61.gemspec.rz
HTTP GET https://rubygems.org/quick/Marshal.4.8/tzinfo-0.3.62.gemspec.rz
HTTP 200 OK https://rubygems.org/quick/Marshal.4.8/tzinfo-0.3.62.gemspec.rz
HTTP GET https://rubygems.org/quick/Marshal.4.8/tzinfo-1.0.0.gemspec.rz
HTTP 200 OK https://rubygems.org/quick/Marshal.4.8/tzinfo-1.0.0.gemspec.rz
HTTP GET https://rubygems.org/quick/Marshal.4.8/tzinfo-1.0.1.gemspec.rz
HTTP 200 OK https://rubygems.org/quick/Marshal.4.8/tzinfo-1.0.1.gemspec.rz
HTTP GET https://rubygems.org/quick/Marshal.4.8/tzinfo-1.1.0.gemspec.rz
HTTP 200 OK https://rubygems.org/quick/Marshal.4.8/tzinfo-1.1.0.gemspec.rz
HTTP GET https://rubygems.org/quick/Marshal.4.8/tzinfo-1.2.0.gemspec.rz
HTTP 200 OK https://rubygems.org/quick/Marshal.4.8/tzinfo-1.2.0.gemspec.rz
HTTP GET https://rubygems.org/quick/Marshal.4.8/tzinfo-1.2.1.gemspec.rz
HTTP 200 OK https://rubygems.org/quick/Marshal.4.8/tzinfo-1.2.1.gemspec.rz
HTTP GET https://rubygems.org/quick/Marshal.4.8/tzinfo-1.2.2.gemspec.rz
HTTP 200 OK https://rubygems.org/quick/Marshal.4.8/tzinfo-1.2.2.gemspec.rz
HTTP GET https://rubygems.org/quick/Marshal.4.8/tzinfo-1.2.3.gemspec.rz
HTTP 200 OK https://rubygems.org/quick/Marshal.4.8/tzinfo-1.2.3.gemspec.rz
HTTP GET https://rubygems.org/quick/Marshal.4.8/tzinfo-1.2.4.gemspec.rz
HTTP 200 OK https://rubygems.org/quick/Marshal.4.8/tzinfo-1.2.4.gemspec.rz
HTTP GET https://rubygems.org/quick/Marshal.4.8/tzinfo-1.2.5.gemspec.rz
HTTP 200 OK https://rubygems.org/quick/Marshal.4.8/tzinfo-1.2.5.gemspec.rz
HTTP GET https://rubygems.org/quick/Marshal.4.8/tzinfo-1.2.6.gemspec.rz
HTTP 200 OK https://rubygems.org/quick/Marshal.4.8/tzinfo-1.2.6.gemspec.rz
HTTP GET https://rubygems.org/quick/Marshal.4.8/tzinfo-1.2.7.gemspec.rz
HTTP 200 OK https://rubygems.org/quick/Marshal.4.8/tzinfo-1.2.7.gemspec.rz
HTTP GET https://rubygems.org/quick/Marshal.4.8/tzinfo-1.2.8.gemspec.rz
HTTP 200 OK https://rubygems.org/quick/Marshal.4.8/tzinfo-1.2.8.gemspec.rz
HTTP GET https://rubygems.org/quick/Marshal.4.8/tzinfo-1.2.9.gemspec.rz
HTTP 200 OK https://rubygems.org/quick/Marshal.4.8/tzinfo-1.2.9.gemspec.rz
HTTP GET https://rubygems.org/quick/Marshal.4.8/tzinfo-1.2.10.gemspec.rz
HTTP 200 OK https://rubygems.org/quick/Marshal.4.8/tzinfo-1.2.10.gemspec.rz
HTTP GET https://rubygems.org/quick/Marshal.4.8/tzinfo-1.2.11.gemspec.rz
HTTP 200 OK https://rubygems.org/quick/Marshal.4.8/tzinfo-1.2.11.gemspec.rz
HTTP GET https://rubygems.org/quick/Marshal.4.8/tzinfo-2.0.0.gemspec.rz
HTTP 200 OK https://rubygems.org/quick/Marshal.4.8/tzinfo-2.0.0.gemspec.rz
HTTP GET https://rubygems.org/quick/Marshal.4.8/tzinfo-2.0.1.gemspec.rz
HTTP 200 OK https://rubygems.org/quick/Marshal.4.8/tzinfo-2.0.1.gemspec.rz
HTTP GET https://rubygems.org/quick/Marshal.4.8/tzinfo-2.0.2.gemspec.rz
HTTP 200 OK https://rubygems.org/quick/Marshal.4.8/tzinfo-2.0.2.gemspec.rz
HTTP GET https://rubygems.org/quick/Marshal.4.8/tzinfo-2.0.3.gemspec.rz
HTTP 200 OK https://rubygems.org/quick/Marshal.4.8/tzinfo-2.0.3.gemspec.rz
HTTP GET https://rubygems.org/quick/Marshal.4.8/tzinfo-2.0.4.gemspec.rz
HTTP 200 OK https://rubygems.org/quick/Marshal.4.8/tzinfo-2.0.4.gemspec.rz
HTTP GET https://rubygems.org/quick/Marshal.4.8/tzinfo-2.0.5.gemspec.rz
HTTP 200 OK https://rubygems.org/quick/Marshal.4.8/tzinfo-2.0.5.gemspec.rz
HTTP GET https://rubygems.org/quick/Marshal.4.8/tzinfo-data-1.2013.3.gemspec.rz
HTTP 200 OK https://rubygems.org/quick/Marshal.4.8/tzinfo-data-1.2013.3.gemspec.rz
HTTP GET https://rubygems.org/quick/Marshal.4.8/tzinfo-data-1.2013.4.gemspec.rz
HTTP 200 OK https://rubygems.org/quick/Marshal.4.8/tzinfo-data-1.2013.4.gemspec.rz
HTTP GET https://rubygems.org/quick/Marshal.4.8/tzinfo-data-1.2013.5.gemspec.rz
HTTP 200 OK https://rubygems.org/quick/Marshal.4.8/tzinfo-data-1.2013.5.gemspec.rz
HTTP GET https://rubygems.org/quick/Marshal.4.8/tzinfo-data-1.2013.6.gemspec.rz
HTTP 200 OK https://rubygems.org/quick/Marshal.4.8/tzinfo-data-1.2013.6.gemspec.rz
HTTP GET https://rubygems.org/quick/Marshal.4.8/tzinfo-data-1.2013.7.gemspec.rz
HTTP 200 OK https://rubygems.org/quick/Marshal.4.8/tzinfo-data-1.2013.7.gemspec.rz
HTTP GET https://rubygems.org/quick/Marshal.4.8/tzinfo-data-1.2013.8.gemspec.rz
HTTP 200 OK https://rubygems.org/quick/Marshal.4.8/tzinfo-data-1.2013.8.gemspec.rz
HTTP GET https://rubygems.org/quick/Marshal.4.8/tzinfo-data-1.2013.9.gemspec.rz
HTTP 200 OK https://rubygems.org/quick/Marshal.4.8/tzinfo-data-1.2013.9.gemspec.rz
HTTP GET https://rubygems.org/quick/Marshal.4.8/tzinfo-data-1.2014.1.gemspec.rz
HTTP 200 OK https://rubygems.org/quick/Marshal.4.8/tzinfo-data-1.2014.1.gemspec.rz
HTTP GET https://rubygems.org/quick/Marshal.4.8/tzinfo-data-1.2014.2.gemspec.rz
HTTP 200 OK https://rubygems.org/quick/Marshal.4.8/tzinfo-data-1.2014.2.gemspec.rz
HTTP GET https://rubygems.org/quick/Marshal.4.8/tzinfo-data-1.2014.3.gemspec.rz
HTTP 200 OK https://rubygems.org/quick/Marshal.4.8/tzinfo-data-1.2014.3.gemspec.rz
HTTP GET https://rubygems.org/quick/Marshal.4.8/tzinfo-data-1.2014.5.gemspec.rz
HTTP 200 OK https://rubygems.org/quick/Marshal.4.8/tzinfo-data-1.2014.5.gemspec.rz
HTTP GET https://rubygems.org/quick/Marshal.4.8/tzinfo-data-1.2014.6.gemspec.rz
HTTP 200 OK https://rubygems.org/quick/Marshal.4.8/tzinfo-data-1.2014.6.gemspec.rz
HTTP GET https://rubygems.org/quick/Marshal.4.8/tzinfo-data-1.2014.7.gemspec.rz
HTTP 200 OK https://rubygems.org/quick/Marshal.4.8/tzinfo-data-1.2014.7.gemspec.rz
HTTP GET https://rubygems.org/quick/Marshal.4.8/tzinfo-data-1.2014.8.gemspec.rz
HTTP 200 OK https://rubygems.org/quick/Marshal.4.8/tzinfo-data-1.2014.8.gemspec.rz
HTTP GET https://rubygems.org/quick/Marshal.4.8/tzinfo-data-1.2014.9.gemspec.rz
HTTP 200 OK https://rubygems.org/quick/Marshal.4.8/tzinfo-data-1.2014.9.gemspec.rz
HTTP GET https://rubygems.org/quick/Marshal.4.8/tzinfo-data-1.2014.10.gemspec.rz
HTTP 200 OK https://rubygems.org/quick/Marshal.4.8/tzinfo-data-1.2014.10.gemspec.rz
HTTP GET https://rubygems.org/quick/Marshal.4.8/tzinfo-data-1.2015.1.gemspec.rz
HTTP 200 OK https://rubygems.org/quick/Marshal.4.8/tzinfo-data-1.2015.1.gemspec.rz
HTTP GET https://rubygems.org/quick/Marshal.4.8/tzinfo-data-1.2015.2.gemspec.rz
HTTP 200 OK https://rubygems.org/quick/Marshal.4.8/tzinfo-data-1.2015.2.gemspec.rz
HTTP GET https://rubygems.org/quick/Marshal.4.8/tzinfo-data-1.2015.3.gemspec.rz
HTTP 200 OK https://rubygems.org/quick/Marshal.4.8/tzinfo-data-1.2015.3.gemspec.rz
HTTP GET https://rubygems.org/quick/Marshal.4.8/tzinfo-data-1.2015.4.gemspec.rz
HTTP 200 OK https://rubygems.org/quick/Marshal.4.8/tzinfo-data-1.2015.4.gemspec.rz
HTTP GET https://rubygems.org/quick/Marshal.4.8/tzinfo-data-1.2015.5.gemspec.rz
HTTP 200 OK https://rubygems.org/quick/Marshal.4.8/tzinfo-data-1.2015.5.gemspec.rz
HTTP GET https://rubygems.org/quick/Marshal.4.8/tzinfo-data-1.2015.6.gemspec.rz
HTTP 200 OK https://rubygems.org/quick/Marshal.4.8/tzinfo-data-1.2015.6.gemspec.rz
HTTP GET https://rubygems.org/quick/Marshal.4.8/tzinfo-data-1.2015.7.gemspec.rz
HTTP 200 OK https://rubygems.org/quick/Marshal.4.8/tzinfo-data-1.2015.7.gemspec.rz
HTTP GET https://rubygems.org/quick/Marshal.4.8/tzinfo-data-1.2016.1.gemspec.rz
HTTP 200 OK https://rubygems.org/quick/Marshal.4.8/tzinfo-data-1.2016.1.gemspec.rz
HTTP GET https://rubygems.org/quick/Marshal.4.8/tzinfo-data-1.2016.2.gemspec.rz
HTTP 200 OK https://rubygems.org/quick/Marshal.4.8/tzinfo-data-1.2016.2.gemspec.rz
HTTP GET https://rubygems.org/quick/Marshal.4.8/tzinfo-data-1.2016.3.gemspec.rz
HTTP 200 OK https://rubygems.org/quick/Marshal.4.8/tzinfo-data-1.2016.3.gemspec.rz
HTTP GET https://rubygems.org/quick/Marshal.4.8/tzinfo-data-1.2016.4.gemspec.rz
HTTP 200 OK https://rubygems.org/quick/Marshal.4.8/tzinfo-data-1.2016.4.gemspec.rz
HTTP GET https://rubygems.org/quick/Marshal.4.8/tzinfo-data-1.2016.5.gemspec.rz
HTTP 200 OK https://rubygems.org/quick/Marshal.4.8/tzinfo-data-1.2016.5.gemspec.rz
HTTP GET https://rubygems.org/quick/Marshal.4.8/tzinfo-data-1.2016.6.gemspec.rz
HTTP 200 OK https://rubygems.org/quick/Marshal.4.8/tzinfo-data-1.2016.6.gemspec.rz
HTTP GET https://rubygems.org/quick/Marshal.4.8/tzinfo-data-1.2016.7.gemspec.rz
HTTP 200 OK https://rubygems.org/quick/Marshal.4.8/tzinfo-data-1.2016.7.gemspec.rz
HTTP GET https://rubygems.org/quick/Marshal.4.8/tzinfo-data-1.2016.8.gemspec.rz
HTTP 200 OK https://rubygems.org/quick/Marshal.4.8/tzinfo-data-1.2016.8.gemspec.rz
HTTP GET https://rubygems.org/quick/Marshal.4.8/tzinfo-data-1.2016.9.gemspec.rz
HTTP 200 OK https://rubygems.org/quick/Marshal.4.8/tzinfo-data-1.2016.9.gemspec.rz
HTTP GET https://rubygems.org/quick/Marshal.4.8/tzinfo-data-1.2016.10.gemspec.rz
HTTP 200 OK https://rubygems.org/quick/Marshal.4.8/tzinfo-data-1.2016.10.gemspec.rz
HTTP GET https://rubygems.org/quick/Marshal.4.8/tzinfo-data-1.2017.1.gemspec.rz
HTTP 200 OK https://rubygems.org/quick/Marshal.4.8/tzinfo-data-1.2017.1.gemspec.rz
HTTP GET https://rubygems.org/quick/Marshal.4.8/tzinfo-data-1.2017.2.gemspec.rz
HTTP 200 OK https://rubygems.org/quick/Marshal.4.8/tzinfo-data-1.2017.2.gemspec.rz
HTTP GET https://rubygems.org/quick/Marshal.4.8/tzinfo-data-1.2017.3.gemspec.rz
HTTP 200 OK https://rubygems.org/quick/Marshal.4.8/tzinfo-data-1.2017.3.gemspec.rz
HTTP GET https://rubygems.org/quick/Marshal.4.8/tzinfo-data-1.2018.1.gemspec.rz
HTTP 200 OK https://rubygems.org/quick/Marshal.4.8/tzinfo-data-1.2018.1.gemspec.rz
HTTP GET https://rubygems.org/quick/Marshal.4.8/tzinfo-data-1.2018.2.gemspec.rz
HTTP 200 OK https://rubygems.org/quick/Marshal.4.8/tzinfo-data-1.2018.2.gemspec.rz
HTTP GET https://rubygems.org/quick/Marshal.4.8/tzinfo-data-1.2018.3.gemspec.rz
HTTP 200 OK https://rubygems.org/quick/Marshal.4.8/tzinfo-data-1.2018.3.gemspec.rz
HTTP GET https://rubygems.org/quick/Marshal.4.8/tzinfo-data-1.2018.4.gemspec.rz
HTTP 200 OK https://rubygems.org/quick/Marshal.4.8/tzinfo-data-1.2018.4.gemspec.rz
HTTP GET https://rubygems.org/quick/Marshal.4.8/tzinfo-data-1.2018.5.gemspec.rz
HTTP 200 OK https://rubygems.org/quick/Marshal.4.8/tzinfo-data-1.2018.5.gemspec.rz
HTTP GET https://rubygems.org/quick/Marshal.4.8/tzinfo-data-1.2018.6.gemspec.rz
HTTP 200 OK https://rubygems.org/quick/Marshal.4.8/tzinfo-data-1.2018.6.gemspec.rz
HTTP GET https://rubygems.org/quick/Marshal.4.8/tzinfo-data-1.2018.7.gemspec.rz
HTTP 200 OK https://rubygems.org/quick/Marshal.4.8/tzinfo-data-1.2018.7.gemspec.rz
HTTP GET https://rubygems.org/quick/Marshal.4.8/tzinfo-data-1.2018.8.gemspec.rz
HTTP 200 OK https://rubygems.org/quick/Marshal.4.8/tzinfo-data-1.2018.8.gemspec.rz
HTTP GET https://rubygems.org/quick/Marshal.4.8/tzinfo-data-1.2018.9.gemspec.rz
HTTP 200 OK https://rubygems.org/quick/Marshal.4.8/tzinfo-data-1.2018.9.gemspec.rz
HTTP GET https://rubygems.org/quick/Marshal.4.8/tzinfo-data-1.2019.1.gemspec.rz
HTTP 200 OK https://rubygems.org/quick/Marshal.4.8/tzinfo-data-1.2019.1.gemspec.rz
HTTP GET https://rubygems.org/quick/Marshal.4.8/tzinfo-data-1.2019.2.gemspec.rz
HTTP 200 OK https://rubygems.org/quick/Marshal.4.8/tzinfo-data-1.2019.2.gemspec.rz
HTTP GET https://rubygems.org/quick/Marshal.4.8/tzinfo-data-1.2019.3.gemspec.rz
HTTP 200 OK https://rubygems.org/quick/Marshal.4.8/tzinfo-data-1.2019.3.gemspec.rz
HTTP GET https://rubygems.org/quick/Marshal.4.8/tzinfo-data-1.2020.1.gemspec.rz
HTTP 200 OK https://rubygems.org/quick/Marshal.4.8/tzinfo-data-1.2020.1.gemspec.rz
HTTP GET https://rubygems.org/quick/Marshal.4.8/tzinfo-data-1.2020.2.gemspec.rz
HTTP 200 OK https://rubygems.org/quick/Marshal.4.8/tzinfo-data-1.2020.2.gemspec.rz
HTTP GET https://rubygems.org/quick/Marshal.4.8/tzinfo-data-1.2020.3.gemspec.rz
HTTP 200 OK https://rubygems.org/quick/Marshal.4.8/tzinfo-data-1.2020.3.gemspec.rz
HTTP GET https://rubygems.org/quick/Marshal.4.8/tzinfo-data-1.2020.4.gemspec.rz
HTTP 200 OK https://rubygems.org/quick/Marshal.4.8/tzinfo-data-1.2020.4.gemspec.rz
HTTP GET https://rubygems.org/quick/Marshal.4.8/tzinfo-data-1.2020.5.gemspec.rz
HTTP 200 OK https://rubygems.org/quick/Marshal.4.8/tzinfo-data-1.2020.5.gemspec.rz
HTTP GET https://rubygems.org/quick/Marshal.4.8/tzinfo-data-1.2020.6.gemspec.rz
HTTP 200 OK https://rubygems.org/quick/Marshal.4.8/tzinfo-data-1.2020.6.gemspec.rz
HTTP GET https://rubygems.org/quick/Marshal.4.8/tzinfo-data-1.2021.1.gemspec.rz
HTTP 200 OK https://rubygems.org/quick/Marshal.4.8/tzinfo-data-1.2021.1.gemspec.rz
HTTP GET https://rubygems.org/quick/Marshal.4.8/tzinfo-data-1.2021.2.gemspec.rz
HTTP 200 OK https://rubygems.org/quick/Marshal.4.8/tzinfo-data-1.2021.2.gemspec.rz
HTTP GET https://rubygems.org/quick/Marshal.4.8/tzinfo-data-1.2021.3.gemspec.rz
HTTP 200 OK https://rubygems.org/quick/Marshal.4.8/tzinfo-data-1.2021.3.gemspec.rz
HTTP GET https://rubygems.org/quick/Marshal.4.8/tzinfo-data-1.2021.4.gemspec.rz
HTTP 200 OK https://rubygems.org/quick/Marshal.4.8/tzinfo-data-1.2021.4.gemspec.rz
HTTP GET https://rubygems.org/quick/Marshal.4.8/tzinfo-data-1.2021.5.gemspec.rz
HTTP 200 OK https://rubygems.org/quick/Marshal.4.8/tzinfo-data-1.2021.5.gemspec.rz
HTTP GET https://rubygems.org/quick/Marshal.4.8/tzinfo-data-1.2022.1.gemspec.rz
HTTP 200 OK https://rubygems.org/quick/Marshal.4.8/tzinfo-data-1.2022.1.gemspec.rz
HTTP GET https://rubygems.org/quick/Marshal.4.8/tzinfo-data-1.2022.2.gemspec.rz
HTTP 200 OK https://rubygems.org/quick/Marshal.4.8/tzinfo-data-1.2022.2.gemspec.rz
HTTP GET https://rubygems.org/quick/Marshal.4.8/tzinfo-data-1.2022.3.gemspec.rz
HTTP 200 OK https://rubygems.org/quick/Marshal.4.8/tzinfo-data-1.2022.3.gemspec.rz
HTTP GET https://rubygems.org/quick/Marshal.4.8/tzinfo-data-1.2022.4.gemspec.rz
HTTP 200 OK https://rubygems.org/quick/Marshal.4.8/tzinfo-data-1.2022.4.gemspec.rz
HTTP GET https://rubygems.org/quick/Marshal.4.8/tzinfo-data-1.2022.5.gemspec.rz
HTTP 200 OK https://rubygems.org/quick/Marshal.4.8/tzinfo-data-1.2022.5.gemspec.rz
HTTP GET https://rubygems.org/quick/Marshal.4.8/tzinfo-data-1.2022.6.gemspec.rz
HTTP 200 OK https://rubygems.org/quick/Marshal.4.8/tzinfo-data-1.2022.6.gemspec.rz
HTTP GET https://rubygems.org/quick/Marshal.4.8/tzinfo-data-1.2022.7.gemspec.rz
HTTP 200 OK https://rubygems.org/quick/Marshal.4.8/tzinfo-data-1.2022.7.gemspec.rz
HTTP GET https://rubygems.org/quick/Marshal.4.8/tzinfo-data-1.2023.1.gemspec.rz
HTTP 200 OK https://rubygems.org/quick/Marshal.4.8/tzinfo-data-1.2023.1.gemspec.rz
HTTP GET https://rubygems.org/quick/Marshal.4.8/tzinfo-data-1.2023.2.gemspec.rz
HTTP 200 OK https://rubygems.org/quick/Marshal.4.8/tzinfo-data-1.2023.2.gemspec.rz
HTTP GET https://rubygems.org/quick/Marshal.4.8/tzinfo-data-1.2023.3.gemspec.rz
HTTP 200 OK https://rubygems.org/quick/Marshal.4.8/tzinfo-data-1.2023.3.gemspec.rz
HTTP GET https://rubygems.org/quick/Marshal.4.8/tzinfo-data-1.2023.4.gemspec.rz
HTTP 200 OK https://rubygems.org/quick/Marshal.4.8/tzinfo-data-1.2023.4.gemspec.rz
HTTP GET https://rubygems.org/quick/Marshal.4.8/tzinfo-data-1.2024.1.gemspec.rz
HTTP 200 OK https://rubygems.org/quick/Marshal.4.8/tzinfo-data-1.2024.1.gemspec.rz
HTTP GET https://rubygems.org/quick/Marshal.4.8/tzinfo-data-1.2024.2.gemspec.rz
HTTP 200 OK https://rubygems.org/quick/Marshal.4.8/tzinfo-data-1.2024.2.gemspec.rz
HTTP GET https://rubygems.org/quick/Marshal.4.8/tzinfo-data-1.2025.1.gemspec.rz
HTTP 200 OK https://rubygems.org/quick/Marshal.4.8/tzinfo-data-1.2025.1.gemspec.rz
HTTP GET https://rubygems.org/quick/Marshal.4.8/tzinfo-data-1.2025.2.gemspec.rz
HTTP 200 OK https://rubygems.org/quick/Marshal.4.8/tzinfo-data-1.2025.2.gemspec.rz
HTTP GET https://rubygems.org/quick/Marshal.4.8/tzinfo-data-1.2025.3.gemspec.rz
HTTP 200 OK https://rubygems.org/quick/Marshal.4.8/tzinfo-data-1.2025.3.gemspec.rz
HTTP GET https://rubygems.org/quick/Marshal.4.8/tzinfo-data-1.2026.1.gemspec.rz
HTTP 200 OK https://rubygems.org/quick/Marshal.4.8/tzinfo-data-1.2026.1.gemspec.rz
HTTP GET https://rubygems.org/quick/Marshal.4.8/tzinfo-data-1.2026.2.gemspec.rz
HTTP 200 OK https://rubygems.org/quick/Marshal.4.8/tzinfo-data-1.2026.2.gemspec.rz
HTTP GET https://rubygems.org/quick/Marshal.4.8/tzinfo-data-1.2026.3.gemspec.rz
HTTP 200 OK https://rubygems.org/quick/Marshal.4.8/tzinfo-data-1.2026.3.gemspec.rz
HTTP GET https://rubygems.org/quick/Marshal.4.8/wdm-0.0.1.gemspec.rz
HTTP 200 OK https://rubygems.org/quick/Marshal.4.8/wdm-0.0.1.gemspec.rz
HTTP GET https://rubygems.org/quick/Marshal.4.8/wdm-0.0.3.gemspec.rz
HTTP 200 OK https://rubygems.org/quick/Marshal.4.8/wdm-0.0.3.gemspec.rz
HTTP GET https://rubygems.org/quick/Marshal.4.8/wdm-0.1.0.gemspec.rz
HTTP 200 OK https://rubygems.org/quick/Marshal.4.8/wdm-0.1.0.gemspec.rz
HTTP GET https://rubygems.org/quick/Marshal.4.8/wdm-0.1.1.gemspec.rz
HTTP 200 OK https://rubygems.org/quick/Marshal.4.8/wdm-0.1.1.gemspec.rz
Resolving dependencies...
HTTP GET https://rubygems.org/quick/Marshal.4.8/jekyll-sitemap-0.1.0.gemspec.rz
HTTP 200 OK https://rubygems.org/quick/Marshal.4.8/jekyll-sitemap-0.1.0.gemspec.rz
HTTP GET https://rubygems.org/quick/Marshal.4.8/jekyll-sitemap-0.2.0.gemspec.rz
HTTP 200 OK https://rubygems.org/quick/Marshal.4.8/jekyll-sitemap-0.2.0.gemspec.rz
HTTP GET https://rubygems.org/quick/Marshal.4.8/jekyll-sitemap-0.3.0.gemspec.rz
HTTP 200 OK https://rubygems.org/quick/Marshal.4.8/jekyll-sitemap-0.3.0.gemspec.rz
HTTP GET https://rubygems.org/quick/Marshal.4.8/jekyll-sitemap-0.4.0.gemspec.rz
HTTP 200 OK https://rubygems.org/quick/Marshal.4.8/jekyll-sitemap-0.4.0.gemspec.rz
HTTP GET https://rubygems.org/quick/Marshal.4.8/jekyll-sitemap-0.4.1.gemspec.rz
HTTP 200 OK https://rubygems.org/quick/Marshal.4.8/jekyll-sitemap-0.4.1.gemspec.rz
HTTP GET https://rubygems.org/quick/Marshal.4.8/jekyll-sitemap-0.5.0.gemspec.rz
HTTP 200 OK https://rubygems.org/quick/Marshal.4.8/jekyll-sitemap-0.5.0.gemspec.rz
HTTP GET https://rubygems.org/quick/Marshal.4.8/jekyll-sitemap-0.5.1.gemspec.rz
HTTP 200 OK https://rubygems.org/quick/Marshal.4.8/jekyll-sitemap-0.5.1.gemspec.rz
HTTP GET https://rubygems.org/quick/Marshal.4.8/jekyll-sitemap-0.6.0.gemspec.rz
HTTP 200 OK https://rubygems.org/quick/Marshal.4.8/jekyll-sitemap-0.6.0.gemspec.rz
HTTP GET https://rubygems.org/quick/Marshal.4.8/jekyll-sitemap-0.6.1.gemspec.rz
HTTP 200 OK https://rubygems.org/quick/Marshal.4.8/jekyll-sitemap-0.6.1.gemspec.rz
HTTP GET https://rubygems.org/quick/Marshal.4.8/jekyll-sitemap-0.6.2.gemspec.rz
HTTP 200 OK https://rubygems.org/quick/Marshal.4.8/jekyll-sitemap-0.6.2.gemspec.rz
HTTP GET https://rubygems.org/quick/Marshal.4.8/jekyll-sitemap-0.6.3.gemspec.rz
HTTP 200 OK https://rubygems.org/quick/Marshal.4.8/jekyll-sitemap-0.6.3.gemspec.rz
HTTP GET https://rubygems.org/quick/Marshal.4.8/jekyll-sitemap-0.7.0.gemspec.rz
HTTP 200 OK https://rubygems.org/quick/Marshal.4.8/jekyll-sitemap-0.7.0.gemspec.rz
HTTP GET https://rubygems.org/quick/Marshal.4.8/jekyll-sitemap-0.8.0.gemspec.rz
HTTP 200 OK https://rubygems.org/quick/Marshal.4.8/jekyll-sitemap-0.8.0.gemspec.rz
HTTP GET https://rubygems.org/quick/Marshal.4.8/jekyll-sitemap-0.8.1.gemspec.rz
HTTP 200 OK https://rubygems.org/quick/Marshal.4.8/jekyll-sitemap-0.8.1.gemspec.rz
HTTP GET https://rubygems.org/quick/Marshal.4.8/jekyll-sitemap-0.9.0.gemspec.rz
HTTP 200 OK https://rubygems.org/quick/Marshal.4.8/jekyll-sitemap-0.9.0.gemspec.rz
HTTP GET https://rubygems.org/quick/Marshal.4.8/jekyll-sitemap-0.10.0.gemspec.rz
HTTP 200 OK https://rubygems.org/quick/Marshal.4.8/jekyll-sitemap-0.10.0.gemspec.rz
HTTP GET https://rubygems.org/quick/Marshal.4.8/jekyll-sitemap-0.11.0.gemspec.rz
HTTP 200 OK https://rubygems.org/quick/Marshal.4.8/jekyll-sitemap-0.11.0.gemspec.rz
HTTP GET https://rubygems.org/quick/Marshal.4.8/jekyll-sitemap-0.12.0.gemspec.rz
HTTP 200 OK https://rubygems.org/quick/Marshal.4.8/jekyll-sitemap-0.12.0.gemspec.rz
HTTP GET https://rubygems.org/quick/Marshal.4.8/jekyll-sitemap-0.13.0.gemspec.rz
HTTP 200 OK https://rubygems.org/quick/Marshal.4.8/jekyll-sitemap-0.13.0.gemspec.rz
HTTP GET https://rubygems.org/quick/Marshal.4.8/jekyll-sitemap-1.0.0.gemspec.rz
HTTP 200 OK https://rubygems.org/quick/Marshal.4.8/jekyll-sitemap-1.0.0.gemspec.rz
HTTP GET https://rubygems.org/quick/Marshal.4.8/jekyll-sitemap-1.1.0.gemspec.rz
HTTP 200 OK https://rubygems.org/quick/Marshal.4.8/jekyll-sitemap-1.1.0.gemspec.rz
HTTP GET https://rubygems.org/quick/Marshal.4.8/jekyll-sitemap-1.1.1.gemspec.rz
HTTP 200 OK https://rubygems.org/quick/Marshal.4.8/jekyll-sitemap-1.1.1.gemspec.rz
HTTP GET https://rubygems.org/quick/Marshal.4.8/jekyll-sitemap-1.2.0.gemspec.rz
HTTP 200 OK https://rubygems.org/quick/Marshal.4.8/jekyll-sitemap-1.2.0.gemspec.rz
HTTP GET https://rubygems.org/quick/Marshal.4.8/jekyll-sitemap-1.3.0.gemspec.rz
HTTP 200 OK https://rubygems.org/quick/Marshal.4.8/jekyll-sitemap-1.3.0.gemspec.rz
HTTP GET https://rubygems.org/quick/Marshal.4.8/jekyll-sitemap-1.3.1.gemspec.rz
HTTP 200 OK https://rubygems.org/quick/Marshal.4.8/jekyll-sitemap-1.3.1.gemspec.rz
HTTP GET https://rubygems.org/quick/Marshal.4.8/jekyll-sitemap-1.4.0.gemspec.rz
HTTP 200 OK https://rubygems.org/quick/Marshal.4.8/jekyll-sitemap-1.4.0.gemspec.rz
HTTP GET https://rubygems.org/quick/Marshal.4.8/jekyll-seo-tag-0.1.0.gemspec.rz
HTTP 200 OK https://rubygems.org/quick/Marshal.4.8/jekyll-seo-tag-0.1.0.gemspec.rz
HTTP GET https://rubygems.org/quick/Marshal.4.8/jekyll-seo-tag-0.1.1.gemspec.rz
HTTP 200 OK https://rubygems.org/quick/Marshal.4.8/jekyll-seo-tag-0.1.1.gemspec.rz
HTTP GET https://rubygems.org/quick/Marshal.4.8/jekyll-seo-tag-0.1.2.gemspec.rz
HTTP 200 OK https://rubygems.org/quick/Marshal.4.8/jekyll-seo-tag-0.1.2.gemspec.rz
HTTP GET https://rubygems.org/quick/Marshal.4.8/jekyll-seo-tag-0.1.3.gemspec.rz
HTTP 200 OK https://rubygems.org/quick/Marshal.4.8/jekyll-seo-tag-0.1.3.gemspec.rz
HTTP GET https://rubygems.org/quick/Marshal.4.8/jekyll-seo-tag-0.1.4.gemspec.rz
HTTP 200 OK https://rubygems.org/quick/Marshal.4.8/jekyll-seo-tag-0.1.4.gemspec.rz
HTTP GET https://rubygems.org/quick/Marshal.4.8/jekyll-seo-tag-1.0.0.gemspec.rz
HTTP 200 OK https://rubygems.org/quick/Marshal.4.8/jekyll-seo-tag-1.0.0.gemspec.rz
HTTP GET https://rubygems.org/quick/Marshal.4.8/jekyll-seo-tag-1.1.0.gemspec.rz
HTTP 200 OK https://rubygems.org/quick/Marshal.4.8/jekyll-seo-tag-1.1.0.gemspec.rz
HTTP GET https://rubygems.org/quick/Marshal.4.8/jekyll-seo-tag-1.2.0.gemspec.rz
HTTP 200 OK https://rubygems.org/quick/Marshal.4.8/jekyll-seo-tag-1.2.0.gemspec.rz
HTTP GET https://rubygems.org/quick/Marshal.4.8/jekyll-seo-tag-1.3.0.gemspec.rz
HTTP 200 OK https://rubygems.org/quick/Marshal.4.8/jekyll-seo-tag-1.3.0.gemspec.rz
HTTP GET https://rubygems.org/quick/Marshal.4.8/jekyll-seo-tag-1.3.1.gemspec.rz
HTTP 200 OK https://rubygems.org/quick/Marshal.4.8/jekyll-seo-tag-1.3.1.gemspec.rz
HTTP GET https://rubygems.org/quick/Marshal.4.8/jekyll-seo-tag-1.3.2.gemspec.rz
HTTP 200 OK https://rubygems.org/quick/Marshal.4.8/jekyll-seo-tag-1.3.2.gemspec.rz
HTTP GET https://rubygems.org/quick/Marshal.4.8/jekyll-seo-tag-1.3.3.gemspec.rz
HTTP 200 OK https://rubygems.org/quick/Marshal.4.8/jekyll-seo-tag-1.3.3.gemspec.rz
HTTP GET https://rubygems.org/quick/Marshal.4.8/jekyll-seo-tag-1.4.0.gemspec.rz
HTTP 200 OK https://rubygems.org/quick/Marshal.4.8/jekyll-seo-tag-1.4.0.gemspec.rz
HTTP GET https://rubygems.org/quick/Marshal.4.8/jekyll-seo-tag-2.0.0.gemspec.rz
HTTP 200 OK https://rubygems.org/quick/Marshal.4.8/jekyll-seo-tag-2.0.0.gemspec.rz
HTTP GET https://rubygems.org/quick/Marshal.4.8/jekyll-seo-tag-2.1.0.gemspec.rz
HTTP 200 OK https://rubygems.org/quick/Marshal.4.8/jekyll-seo-tag-2.1.0.gemspec.rz
HTTP GET https://rubygems.org/quick/Marshal.4.8/jekyll-seo-tag-2.2.0.gemspec.rz
HTTP 200 OK https://rubygems.org/quick/Marshal.4.8/jekyll-seo-tag-2.2.0.gemspec.rz
HTTP GET https://rubygems.org/quick/Marshal.4.8/jekyll-seo-tag-2.2.1.gemspec.rz
HTTP 200 OK https://rubygems.org/quick/Marshal.4.8/jekyll-seo-tag-2.2.1.gemspec.rz
HTTP GET https://rubygems.org/quick/Marshal.4.8/jekyll-seo-tag-2.2.2.gemspec.rz
HTTP 200 OK https://rubygems.org/quick/Marshal.4.8/jekyll-seo-tag-2.2.2.gemspec.rz
HTTP GET https://rubygems.org/quick/Marshal.4.8/jekyll-seo-tag-2.2.3.gemspec.rz
HTTP 200 OK https://rubygems.org/quick/Marshal.4.8/jekyll-seo-tag-2.2.3.gemspec.rz
HTTP GET https://rubygems.org/quick/Marshal.4.8/jekyll-seo-tag-2.3.0.gemspec.rz
HTTP 200 OK https://rubygems.org/quick/Marshal.4.8/jekyll-seo-tag-2.3.0.gemspec.rz
HTTP GET https://rubygems.org/quick/Marshal.4.8/jekyll-seo-tag-2.4.0.gemspec.rz
HTTP 200 OK https://rubygems.org/quick/Marshal.4.8/jekyll-seo-tag-2.4.0.gemspec.rz
HTTP GET https://rubygems.org/quick/Marshal.4.8/jekyll-seo-tag-2.5.0.gemspec.rz
HTTP 200 OK https://rubygems.org/quick/Marshal.4.8/jekyll-seo-tag-2.5.0.gemspec.rz
HTTP GET https://rubygems.org/quick/Marshal.4.8/jekyll-seo-tag-2.6.0.gemspec.rz
HTTP 200 OK https://rubygems.org/quick/Marshal.4.8/jekyll-seo-tag-2.6.0.gemspec.rz
HTTP GET https://rubygems.org/quick/Marshal.4.8/jekyll-seo-tag-2.6.1.gemspec.rz
HTTP 200 OK https://rubygems.org/quick/Marshal.4.8/jekyll-seo-tag-2.6.1.gemspec.rz
HTTP GET https://rubygems.org/quick/Marshal.4.8/jekyll-seo-tag-2.7.0.gemspec.rz
HTTP 200 OK https://rubygems.org/quick/Marshal.4.8/jekyll-seo-tag-2.7.0.gemspec.rz
HTTP GET https://rubygems.org/quick/Marshal.4.8/jekyll-seo-tag-2.7.1.gemspec.rz
HTTP 200 OK https://rubygems.org/quick/Marshal.4.8/jekyll-seo-tag-2.7.1.gemspec.rz
HTTP GET https://rubygems.org/quick/Marshal.4.8/jekyll-seo-tag-2.8.0.gemspec.rz
HTTP 200 OK https://rubygems.org/quick/Marshal.4.8/jekyll-seo-tag-2.8.0.gemspec.rz
HTTP GET https://rubygems.org/quick/Marshal.4.8/jekyll-seo-tag-2.9.0.gemspec.rz
HTTP 200 OK https://rubygems.org/quick/Marshal.4.8/jekyll-seo-tag-2.9.0.gemspec.rz
HTTP GET https://rubygems.org/quick/Marshal.4.8/jekyll-paginate-1.0.0.gemspec.rz
HTTP 200 OK https://rubygems.org/quick/Marshal.4.8/jekyll-paginate-1.0.0.gemspec.rz
HTTP GET https://rubygems.org/quick/Marshal.4.8/jekyll-include-cache-0.1.0.gemspec.rz
HTTP 200 OK https://rubygems.org/quick/Marshal.4.8/jekyll-include-cache-0.1.0.gemspec.rz
HTTP GET https://rubygems.org/quick/Marshal.4.8/jekyll-include-cache-0.2.0.gemspec.rz
HTTP 200 OK https://rubygems.org/quick/Marshal.4.8/jekyll-include-cache-0.2.0.gemspec.rz
HTTP GET https://rubygems.org/quick/Marshal.4.8/jekyll-include-cache-0.2.1.gemspec.rz
HTTP 200 OK https://rubygems.org/quick/Marshal.4.8/jekyll-include-cache-0.2.1.gemspec.rz
HTTP GET https://rubygems.org/quick/Marshal.4.8/jekyll-include-cache-0.2.2.gemspec.rz
HTTP 200 OK https://rubygems.org/quick/Marshal.4.8/jekyll-include-cache-0.2.2.gemspec.rz
HTTP GET https://rubygems.org/quick/Marshal.4.8/jekyll-archives-0.1.0.gemspec.rz
HTTP 200 OK https://rubygems.org/quick/Marshal.4.8/jekyll-archives-0.1.0.gemspec.rz
HTTP GET https://rubygems.org/quick/Marshal.4.8/jekyll-archives-1.0.0.gemspec.rz
HTTP 200 OK https://rubygems.org/quick/Marshal.4.8/jekyll-archives-1.0.0.gemspec.rz
HTTP GET https://rubygems.org/quick/Marshal.4.8/jekyll-archives-2.0.0.gemspec.rz
HTTP 200 OK https://rubygems.org/quick/Marshal.4.8/jekyll-archives-2.0.0.gemspec.rz
HTTP GET https://rubygems.org/quick/Marshal.4.8/jekyll-archives-2.1.0.gemspec.rz
HTTP 200 OK https://rubygems.org/quick/Marshal.4.8/jekyll-archives-2.1.0.gemspec.rz
HTTP GET https://rubygems.org/quick/Marshal.4.8/jekyll-archives-2.1.1.gemspec.rz
HTTP 200 OK https://rubygems.org/quick/Marshal.4.8/jekyll-archives-2.1.1.gemspec.rz
HTTP GET https://rubygems.org/quick/Marshal.4.8/jekyll-archives-2.2.1.gemspec.rz
HTTP 200 OK https://rubygems.org/quick/Marshal.4.8/jekyll-archives-2.2.1.gemspec.rz
HTTP GET https://rubygems.org/quick/Marshal.4.8/jekyll-archives-2.3.0.gemspec.rz
HTTP 200 OK https://rubygems.org/quick/Marshal.4.8/jekyll-archives-2.3.0.gemspec.rz
HTTP GET https://rubygems.org/quick/Marshal.4.8/jekyll-0.1.2.gemspec.rz
HTTP 200 OK https://rubygems.org/quick/Marshal.4.8/jekyll-0.1.2.gemspec.rz
HTTP GET https://rubygems.org/quick/Marshal.4.8/jekyll-0.1.3.gemspec.rz
HTTP 200 OK https://rubygems.org/quick/Marshal.4.8/jekyll-0.1.3.gemspec.rz
HTTP GET https://rubygems.org/quick/Marshal.4.8/jekyll-0.1.4.gemspec.rz
HTTP 200 OK https://rubygems.org/quick/Marshal.4.8/jekyll-0.1.4.gemspec.rz
HTTP GET https://rubygems.org/quick/Marshal.4.8/jekyll-0.1.5.gemspec.rz
HTTP 200 OK https://rubygems.org/quick/Marshal.4.8/jekyll-0.1.5.gemspec.rz
HTTP GET https://rubygems.org/quick/Marshal.4.8/jekyll-0.1.6.gemspec.rz
HTTP 200 OK https://rubygems.org/quick/Marshal.4.8/jekyll-0.1.6.gemspec.rz
HTTP GET https://rubygems.org/quick/Marshal.4.8/jekyll-0.2.0.gemspec.rz
HTTP 200 OK https://rubygems.org/quick/Marshal.4.8/jekyll-0.2.0.gemspec.rz
HTTP GET https://rubygems.org/quick/Marshal.4.8/jekyll-0.2.1.gemspec.rz
HTTP 200 OK https://rubygems.org/quick/Marshal.4.8/jekyll-0.2.1.gemspec.rz
HTTP GET https://rubygems.org/quick/Marshal.4.8/jekyll-0.3.0.gemspec.rz
HTTP 200 OK https://rubygems.org/quick/Marshal.4.8/jekyll-0.3.0.gemspec.rz
HTTP GET https://rubygems.org/quick/Marshal.4.8/jekyll-0.4.1.gemspec.rz
HTTP 200 OK https://rubygems.org/quick/Marshal.4.8/jekyll-0.4.1.gemspec.rz
HTTP GET https://rubygems.org/quick/Marshal.4.8/jekyll-0.5.1.gemspec.rz
HTTP 200 OK https://rubygems.org/quick/Marshal.4.8/jekyll-0.5.1.gemspec.rz
HTTP GET https://rubygems.org/quick/Marshal.4.8/jekyll-0.5.3.gemspec.rz
HTTP 200 OK https://rubygems.org/quick/Marshal.4.8/jekyll-0.5.3.gemspec.rz
HTTP GET https://rubygems.org/quick/Marshal.4.8/jekyll-0.5.4.gemspec.rz
HTTP 200 OK https://rubygems.org/quick/Marshal.4.8/jekyll-0.5.4.gemspec.rz
HTTP GET https://rubygems.org/quick/Marshal.4.8/jekyll-0.5.5.gemspec.rz
HTTP 200 OK https://rubygems.org/quick/Marshal.4.8/jekyll-0.5.5.gemspec.rz
HTTP GET https://rubygems.org/quick/Marshal.4.8/jekyll-0.5.6.gemspec.rz
HTTP 200 OK https://rubygems.org/quick/Marshal.4.8/jekyll-0.5.6.gemspec.rz
HTTP GET https://rubygems.org/quick/Marshal.4.8/jekyll-0.5.7.gemspec.rz
HTTP 200 OK https://rubygems.org/quick/Marshal.4.8/jekyll-0.5.7.gemspec.rz
HTTP GET https://rubygems.org/quick/Marshal.4.8/jekyll-0.6.0.gemspec.rz
HTTP 200 OK https://rubygems.org/quick/Marshal.4.8/jekyll-0.6.0.gemspec.rz
HTTP GET https://rubygems.org/quick/Marshal.4.8/jekyll-0.6.1.gemspec.rz
HTTP 200 OK https://rubygems.org/quick/Marshal.4.8/jekyll-0.6.1.gemspec.rz
HTTP GET https://rubygems.org/quick/Marshal.4.8/jekyll-0.6.2.gemspec.rz
HTTP 200 OK https://rubygems.org/quick/Marshal.4.8/jekyll-0.6.2.gemspec.rz
HTTP GET https://rubygems.org/quick/Marshal.4.8/jekyll-0.7.0.gemspec.rz
HTTP 200 OK https://rubygems.org/quick/Marshal.4.8/jekyll-0.7.0.gemspec.rz
HTTP GET https://rubygems.org/quick/Marshal.4.8/jekyll-0.8.0.gemspec.rz
HTTP 200 OK https://rubygems.org/quick/Marshal.4.8/jekyll-0.8.0.gemspec.rz
HTTP GET https://rubygems.org/quick/Marshal.4.8/jekyll-0.9.0.gemspec.rz
HTTP 200 OK https://rubygems.org/quick/Marshal.4.8/jekyll-0.9.0.gemspec.rz
HTTP GET https://rubygems.org/quick/Marshal.4.8/jekyll-0.10.0.gemspec.rz
HTTP 200 OK https://rubygems.org/quick/Marshal.4.8/jekyll-0.10.0.gemspec.rz
HTTP GET https://rubygems.org/quick/Marshal.4.8/jekyll-0.11.0.gemspec.rz
HTTP 200 OK https://rubygems.org/quick/Marshal.4.8/jekyll-0.11.0.gemspec.rz
HTTP GET https://rubygems.org/quick/Marshal.4.8/jekyll-0.11.2.gemspec.rz
HTTP 200 OK https://rubygems.org/quick/Marshal.4.8/jekyll-0.11.2.gemspec.rz
HTTP GET https://rubygems.org/quick/Marshal.4.8/jekyll-0.12.0.gemspec.rz
HTTP 200 OK https://rubygems.org/quick/Marshal.4.8/jekyll-0.12.0.gemspec.rz
HTTP GET https://rubygems.org/quick/Marshal.4.8/jekyll-0.12.1.gemspec.rz
HTTP 200 OK https://rubygems.org/quick/Marshal.4.8/jekyll-0.12.1.gemspec.rz
HTTP GET https://rubygems.org/quick/Marshal.4.8/jekyll-1.0.0.gemspec.rz
HTTP 200 OK https://rubygems.org/quick/Marshal.4.8/jekyll-1.0.0.gemspec.rz
HTTP GET https://rubygems.org/quick/Marshal.4.8/jekyll-1.0.1.gemspec.rz
HTTP 200 OK https://rubygems.org/quick/Marshal.4.8/jekyll-1.0.1.gemspec.rz
HTTP GET https://rubygems.org/quick/Marshal.4.8/jekyll-1.0.2.gemspec.rz
HTTP 200 OK https://rubygems.org/quick/Marshal.4.8/jekyll-1.0.2.gemspec.rz
HTTP GET https://rubygems.org/quick/Marshal.4.8/jekyll-1.0.3.gemspec.rz
HTTP 200 OK https://rubygems.org/quick/Marshal.4.8/jekyll-1.0.3.gemspec.rz
HTTP GET https://rubygems.org/quick/Marshal.4.8/jekyll-1.0.4.gemspec.rz
HTTP 200 OK https://rubygems.org/quick/Marshal.4.8/jekyll-1.0.4.gemspec.rz
HTTP GET https://rubygems.org/quick/Marshal.4.8/jekyll-1.1.1.gemspec.rz
HTTP 200 OK https://rubygems.org/quick/Marshal.4.8/jekyll-1.1.1.gemspec.rz
HTTP GET https://rubygems.org/quick/Marshal.4.8/jekyll-1.1.2.gemspec.rz
HTTP 200 OK https://rubygems.org/quick/Marshal.4.8/jekyll-1.1.2.gemspec.rz
HTTP GET https://rubygems.org/quick/Marshal.4.8/jekyll-1.2.0.gemspec.rz
HTTP 200 OK https://rubygems.org/quick/Marshal.4.8/jekyll-1.2.0.gemspec.rz
HTTP GET https://rubygems.org/quick/Marshal.4.8/jekyll-1.2.1.gemspec.rz
HTTP 200 OK https://rubygems.org/quick/Marshal.4.8/jekyll-1.2.1.gemspec.rz
HTTP GET https://rubygems.org/quick/Marshal.4.8/jekyll-1.3.0.gemspec.rz
HTTP 200 OK https://rubygems.org/quick/Marshal.4.8/jekyll-1.3.0.gemspec.rz
HTTP GET https://rubygems.org/quick/Marshal.4.8/jekyll-1.3.1.gemspec.rz
HTTP 200 OK https://rubygems.org/quick/Marshal.4.8/jekyll-1.3.1.gemspec.rz
HTTP GET https://rubygems.org/quick/Marshal.4.8/jekyll-1.4.0.gemspec.rz
HTTP 200 OK https://rubygems.org/quick/Marshal.4.8/jekyll-1.4.0.gemspec.rz
HTTP GET https://rubygems.org/quick/Marshal.4.8/jekyll-1.4.1.gemspec.rz
HTTP 200 OK https://rubygems.org/quick/Marshal.4.8/jekyll-1.4.1.gemspec.rz
HTTP GET https://rubygems.org/quick/Marshal.4.8/jekyll-1.4.2.gemspec.rz
HTTP 200 OK https://rubygems.org/quick/Marshal.4.8/jekyll-1.4.2.gemspec.rz
HTTP GET https://rubygems.org/quick/Marshal.4.8/jekyll-1.4.3.gemspec.rz
HTTP 200 OK https://rubygems.org/quick/Marshal.4.8/jekyll-1.4.3.gemspec.rz
HTTP GET https://rubygems.org/quick/Marshal.4.8/jekyll-1.5.0.gemspec.rz
HTTP 200 OK https://rubygems.org/quick/Marshal.4.8/jekyll-1.5.0.gemspec.rz
HTTP GET https://rubygems.org/quick/Marshal.4.8/jekyll-1.5.1.gemspec.rz
HTTP 200 OK https://rubygems.org/quick/Marshal.4.8/jekyll-1.5.1.gemspec.rz
HTTP GET https://rubygems.org/quick/Marshal.4.8/jekyll-2.0.0.gemspec.rz
HTTP 200 OK https://rubygems.org/quick/Marshal.4.8/jekyll-2.0.0.gemspec.rz
HTTP GET https://rubygems.org/quick/Marshal.4.8/jekyll-2.0.1.gemspec.rz
HTTP 200 OK https://rubygems.org/quick/Marshal.4.8/jekyll-2.0.1.gemspec.rz
HTTP GET https://rubygems.org/quick/Marshal.4.8/jekyll-2.0.2.gemspec.rz
HTTP 200 OK https://rubygems.org/quick/Marshal.4.8/jekyll-2.0.2.gemspec.rz
HTTP GET https://rubygems.org/quick/Marshal.4.8/jekyll-2.0.3.gemspec.rz
HTTP 200 OK https://rubygems.org/quick/Marshal.4.8/jekyll-2.0.3.gemspec.rz
HTTP GET https://rubygems.org/quick/Marshal.4.8/jekyll-2.1.0.gemspec.rz
HTTP 200 OK https://rubygems.org/quick/Marshal.4.8/jekyll-2.1.0.gemspec.rz
HTTP GET https://rubygems.org/quick/Marshal.4.8/jekyll-2.1.1.gemspec.rz
HTTP 200 OK https://rubygems.org/quick/Marshal.4.8/jekyll-2.1.1.gemspec.rz
HTTP GET https://rubygems.org/quick/Marshal.4.8/jekyll-2.2.0.gemspec.rz
HTTP 200 OK https://rubygems.org/quick/Marshal.4.8/jekyll-2.2.0.gemspec.rz
HTTP GET https://rubygems.org/quick/Marshal.4.8/jekyll-2.3.0.gemspec.rz
HTTP 200 OK https://rubygems.org/quick/Marshal.4.8/jekyll-2.3.0.gemspec.rz
HTTP GET https://rubygems.org/quick/Marshal.4.8/jekyll-2.4.0.gemspec.rz
HTTP 200 OK https://rubygems.org/quick/Marshal.4.8/jekyll-2.4.0.gemspec.rz
HTTP GET https://rubygems.org/quick/Marshal.4.8/jekyll-2.5.0.gemspec.rz
HTTP 200 OK https://rubygems.org/quick/Marshal.4.8/jekyll-2.5.0.gemspec.rz
HTTP GET https://rubygems.org/quick/Marshal.4.8/jekyll-2.5.1.gemspec.rz
HTTP 200 OK https://rubygems.org/quick/Marshal.4.8/jekyll-2.5.1.gemspec.rz
HTTP GET https://rubygems.org/quick/Marshal.4.8/jekyll-2.5.2.gemspec.rz
HTTP 200 OK https://rubygems.org/quick/Marshal.4.8/jekyll-2.5.2.gemspec.rz
HTTP GET https://rubygems.org/quick/Marshal.4.8/jekyll-2.5.3.gemspec.rz
HTTP 200 OK https://rubygems.org/quick/Marshal.4.8/jekyll-2.5.3.gemspec.rz
HTTP GET https://rubygems.org/quick/Marshal.4.8/jekyll-3.0.0.gemspec.rz
HTTP 200 OK https://rubygems.org/quick/Marshal.4.8/jekyll-3.0.0.gemspec.rz
HTTP GET https://rubygems.org/quick/Marshal.4.8/jekyll-3.0.1.gemspec.rz
HTTP 200 OK https://rubygems.org/quick/Marshal.4.8/jekyll-3.0.1.gemspec.rz
HTTP GET https://rubygems.org/quick/Marshal.4.8/jekyll-3.0.2.gemspec.rz
HTTP 200 OK https://rubygems.org/quick/Marshal.4.8/jekyll-3.0.2.gemspec.rz
HTTP GET https://rubygems.org/quick/Marshal.4.8/jekyll-3.0.3.gemspec.rz
HTTP 200 OK https://rubygems.org/quick/Marshal.4.8/jekyll-3.0.3.gemspec.rz
HTTP GET https://rubygems.org/quick/Marshal.4.8/jekyll-3.0.4.gemspec.rz
HTTP 200 OK https://rubygems.org/quick/Marshal.4.8/jekyll-3.0.4.gemspec.rz
HTTP GET https://rubygems.org/quick/Marshal.4.8/jekyll-3.0.5.gemspec.rz
HTTP 200 OK https://rubygems.org/quick/Marshal.4.8/jekyll-3.0.5.gemspec.rz
HTTP GET https://rubygems.org/quick/Marshal.4.8/jekyll-3.1.0.gemspec.rz
HTTP 200 OK https://rubygems.org/quick/Marshal.4.8/jekyll-3.1.0.gemspec.rz
HTTP GET https://rubygems.org/quick/Marshal.4.8/jekyll-3.1.1.gemspec.rz
HTTP 200 OK https://rubygems.org/quick/Marshal.4.8/jekyll-3.1.1.gemspec.rz
HTTP GET https://rubygems.org/quick/Marshal.4.8/jekyll-3.1.2.gemspec.rz
HTTP 200 OK https://rubygems.org/quick/Marshal.4.8/jekyll-3.1.2.gemspec.rz
HTTP GET https://rubygems.org/quick/Marshal.4.8/jekyll-3.1.3.gemspec.rz
HTTP 200 OK https://rubygems.org/quick/Marshal.4.8/jekyll-3.1.3.gemspec.rz
HTTP GET https://rubygems.org/quick/Marshal.4.8/jekyll-3.1.4.gemspec.rz
HTTP 200 OK https://rubygems.org/quick/Marshal.4.8/jekyll-3.1.4.gemspec.rz
HTTP GET https://rubygems.org/quick/Marshal.4.8/jekyll-3.1.5.gemspec.rz
HTTP 200 OK https://rubygems.org/quick/Marshal.4.8/jekyll-3.1.5.gemspec.rz
HTTP GET https://rubygems.org/quick/Marshal.4.8/jekyll-3.1.6.gemspec.rz
HTTP 200 OK https://rubygems.org/quick/Marshal.4.8/jekyll-3.1.6.gemspec.rz
HTTP GET https://rubygems.org/quick/Marshal.4.8/jekyll-3.2.0.gemspec.rz
HTTP 200 OK https://rubygems.org/quick/Marshal.4.8/jekyll-3.2.0.gemspec.rz
HTTP GET https://rubygems.org/quick/Marshal.4.8/jekyll-3.2.1.gemspec.rz
HTTP 200 OK https://rubygems.org/quick/Marshal.4.8/jekyll-3.2.1.gemspec.rz
HTTP GET https://rubygems.org/quick/Marshal.4.8/jekyll-3.3.0.gemspec.rz
HTTP 200 OK https://rubygems.org/quick/Marshal.4.8/jekyll-3.3.0.gemspec.rz
HTTP GET https://rubygems.org/quick/Marshal.4.8/jekyll-3.3.1.gemspec.rz
HTTP 200 OK https://rubygems.org/quick/Marshal.4.8/jekyll-3.3.1.gemspec.rz
HTTP GET https://rubygems.org/quick/Marshal.4.8/jekyll-3.4.0.gemspec.rz
HTTP 200 OK https://rubygems.org/quick/Marshal.4.8/jekyll-3.4.0.gemspec.rz
HTTP GET https://rubygems.org/quick/Marshal.4.8/jekyll-3.4.1.gemspec.rz
HTTP 200 OK https://rubygems.org/quick/Marshal.4.8/jekyll-3.4.1.gemspec.rz
HTTP GET https://rubygems.org/quick/Marshal.4.8/jekyll-3.4.2.gemspec.rz
HTTP 200 OK https://rubygems.org/quick/Marshal.4.8/jekyll-3.4.2.gemspec.rz
HTTP GET https://rubygems.org/quick/Marshal.4.8/jekyll-3.4.3.gemspec.rz
HTTP 200 OK https://rubygems.org/quick/Marshal.4.8/jekyll-3.4.3.gemspec.rz
HTTP GET https://rubygems.org/quick/Marshal.4.8/jekyll-3.4.4.gemspec.rz
HTTP 200 OK https://rubygems.org/quick/Marshal.4.8/jekyll-3.4.4.gemspec.rz
HTTP GET https://rubygems.org/quick/Marshal.4.8/jekyll-3.4.5.gemspec.rz
HTTP 200 OK https://rubygems.org/quick/Marshal.4.8/jekyll-3.4.5.gemspec.rz
HTTP GET https://rubygems.org/quick/Marshal.4.8/jekyll-3.5.0.gemspec.rz
HTTP 200 OK https://rubygems.org/quick/Marshal.4.8/jekyll-3.5.0.gemspec.rz
HTTP GET https://rubygems.org/quick/Marshal.4.8/jekyll-3.5.1.gemspec.rz
HTTP 200 OK https://rubygems.org/quick/Marshal.4.8/jekyll-3.5.1.gemspec.rz
HTTP GET https://rubygems.org/quick/Marshal.4.8/jekyll-3.5.2.gemspec.rz
HTTP 200 OK https://rubygems.org/quick/Marshal.4.8/jekyll-3.5.2.gemspec.rz
HTTP GET https://rubygems.org/quick/Marshal.4.8/jekyll-3.6.0.gemspec.rz
HTTP 200 OK https://rubygems.org/quick/Marshal.4.8/jekyll-3.6.0.gemspec.rz
HTTP GET https://rubygems.org/quick/Marshal.4.8/jekyll-3.6.1.gemspec.rz
HTTP 200 OK https://rubygems.org/quick/Marshal.4.8/jekyll-3.6.1.gemspec.rz
HTTP GET https://rubygems.org/quick/Marshal.4.8/jekyll-3.6.2.gemspec.rz
HTTP 200 OK https://rubygems.org/quick/Marshal.4.8/jekyll-3.6.2.gemspec.rz
HTTP GET https://rubygems.org/quick/Marshal.4.8/jekyll-3.6.3.gemspec.rz
HTTP 200 OK https://rubygems.org/quick/Marshal.4.8/jekyll-3.6.3.gemspec.rz
HTTP GET https://rubygems.org/quick/Marshal.4.8/jekyll-3.7.0.gemspec.rz
HTTP 200 OK https://rubygems.org/quick/Marshal.4.8/jekyll-3.7.0.gemspec.rz
HTTP GET https://rubygems.org/quick/Marshal.4.8/jekyll-3.7.2.gemspec.rz
HTTP 200 OK https://rubygems.org/quick/Marshal.4.8/jekyll-3.7.2.gemspec.rz
HTTP GET https://rubygems.org/quick/Marshal.4.8/jekyll-3.7.3.gemspec.rz
HTTP 200 OK https://rubygems.org/quick/Marshal.4.8/jekyll-3.7.3.gemspec.rz
HTTP GET https://rubygems.org/quick/Marshal.4.8/jekyll-3.7.4.gemspec.rz
HTTP 200 OK https://rubygems.org/quick/Marshal.4.8/jekyll-3.7.4.gemspec.rz
HTTP GET https://rubygems.org/quick/Marshal.4.8/jekyll-3.8.0.gemspec.rz
HTTP 200 OK https://rubygems.org/quick/Marshal.4.8/jekyll-3.8.0.gemspec.rz
HTTP GET https://rubygems.org/quick/Marshal.4.8/jekyll-3.8.1.gemspec.rz
HTTP 200 OK https://rubygems.org/quick/Marshal.4.8/jekyll-3.8.1.gemspec.rz
HTTP GET https://rubygems.org/quick/Marshal.4.8/jekyll-3.8.2.gemspec.rz
HTTP 200 OK https://rubygems.org/quick/Marshal.4.8/jekyll-3.8.2.gemspec.rz
HTTP GET https://rubygems.org/quick/Marshal.4.8/jekyll-3.8.3.gemspec.rz
HTTP 200 OK https://rubygems.org/quick/Marshal.4.8/jekyll-3.8.3.gemspec.rz
HTTP GET https://rubygems.org/quick/Marshal.4.8/jekyll-3.8.4.gemspec.rz
HTTP 200 OK https://rubygems.org/quick/Marshal.4.8/jekyll-3.8.4.gemspec.rz
HTTP GET https://rubygems.org/quick/Marshal.4.8/jekyll-3.8.5.gemspec.rz
HTTP 200 OK https://rubygems.org/quick/Marshal.4.8/jekyll-3.8.5.gemspec.rz
HTTP GET https://rubygems.org/quick/Marshal.4.8/jekyll-3.8.6.gemspec.rz
HTTP 200 OK https://rubygems.org/quick/Marshal.4.8/jekyll-3.8.6.gemspec.rz
HTTP GET https://rubygems.org/quick/Marshal.4.8/jekyll-3.8.7.gemspec.rz
HTTP 200 OK https://rubygems.org/quick/Marshal.4.8/jekyll-3.8.7.gemspec.rz
HTTP GET https://rubygems.org/quick/Marshal.4.8/jekyll-3.9.0.gemspec.rz
HTTP 200 OK https://rubygems.org/quick/Marshal.4.8/jekyll-3.9.0.gemspec.rz
HTTP GET https://rubygems.org/quick/Marshal.4.8/jekyll-3.9.1.gemspec.rz
HTTP 200 OK https://rubygems.org/quick/Marshal.4.8/jekyll-3.9.1.gemspec.rz
HTTP GET https://rubygems.org/quick/Marshal.4.8/jekyll-3.9.2.gemspec.rz
HTTP 200 OK https://rubygems.org/quick/Marshal.4.8/jekyll-3.9.2.gemspec.rz
HTTP GET https://rubygems.org/quick/Marshal.4.8/jekyll-3.9.3.gemspec.rz
HTTP 200 OK https://rubygems.org/quick/Marshal.4.8/jekyll-3.9.3.gemspec.rz
HTTP GET https://rubygems.org/quick/Marshal.4.8/jekyll-3.9.4.gemspec.rz
HTTP 200 OK https://rubygems.org/quick/Marshal.4.8/jekyll-3.9.4.gemspec.rz
HTTP GET https://rubygems.org/quick/Marshal.4.8/jekyll-3.9.5.gemspec.rz
HTTP 200 OK https://rubygems.org/quick/Marshal.4.8/jekyll-3.9.5.gemspec.rz
HTTP GET https://rubygems.org/quick/Marshal.4.8/jekyll-3.10.0.gemspec.rz
HTTP 200 OK https://rubygems.org/quick/Marshal.4.8/jekyll-3.10.0.gemspec.rz
HTTP GET https://rubygems.org/quick/Marshal.4.8/jekyll-4.0.0.gemspec.rz
HTTP 200 OK https://rubygems.org/quick/Marshal.4.8/jekyll-4.0.0.gemspec.rz
HTTP GET https://rubygems.org/quick/Marshal.4.8/jekyll-4.0.1.gemspec.rz
HTTP 200 OK https://rubygems.org/quick/Marshal.4.8/jekyll-4.0.1.gemspec.rz
HTTP GET https://rubygems.org/quick/Marshal.4.8/jekyll-4.1.0.gemspec.rz
HTTP 200 OK https://rubygems.org/quick/Marshal.4.8/jekyll-4.1.0.gemspec.rz
HTTP GET https://rubygems.org/quick/Marshal.4.8/jekyll-4.1.1.gemspec.rz
HTTP 200 OK https://rubygems.org/quick/Marshal.4.8/jekyll-4.1.1.gemspec.rz
HTTP GET https://rubygems.org/quick/Marshal.4.8/jekyll-4.2.0.gemspec.rz
HTTP 200 OK https://rubygems.org/quick/Marshal.4.8/jekyll-4.2.0.gemspec.rz
HTTP GET https://rubygems.org/quick/Marshal.4.8/jekyll-4.2.1.gemspec.rz
HTTP 200 OK https://rubygems.org/quick/Marshal.4.8/jekyll-4.2.1.gemspec.rz
HTTP GET https://rubygems.org/quick/Marshal.4.8/jekyll-4.2.2.gemspec.rz
HTTP 200 OK https://rubygems.org/quick/Marshal.4.8/jekyll-4.2.2.gemspec.rz
HTTP GET https://rubygems.org/quick/Marshal.4.8/jekyll-4.3.0.gemspec.rz
HTTP 200 OK https://rubygems.org/quick/Marshal.4.8/jekyll-4.3.0.gemspec.rz
HTTP GET https://rubygems.org/quick/Marshal.4.8/jekyll-4.3.1.gemspec.rz
HTTP 200 OK https://rubygems.org/quick/Marshal.4.8/jekyll-4.3.1.gemspec.rz
HTTP GET https://rubygems.org/quick/Marshal.4.8/jekyll-4.3.2.gemspec.rz
HTTP 200 OK https://rubygems.org/quick/Marshal.4.8/jekyll-4.3.2.gemspec.rz
HTTP GET https://rubygems.org/quick/Marshal.4.8/jekyll-4.3.3.gemspec.rz
HTTP 200 OK https://rubygems.org/quick/Marshal.4.8/jekyll-4.3.3.gemspec.rz
HTTP GET https://rubygems.org/quick/Marshal.4.8/jekyll-4.3.4.gemspec.rz
HTTP 200 OK https://rubygems.org/quick/Marshal.4.8/jekyll-4.3.4.gemspec.rz
HTTP GET https://rubygems.org/quick/Marshal.4.8/jekyll-4.4.0.gemspec.rz
HTTP 200 OK https://rubygems.org/quick/Marshal.4.8/jekyll-4.4.0.gemspec.rz
HTTP GET https://rubygems.org/quick/Marshal.4.8/jekyll-4.4.1.gemspec.rz
HTTP 200 OK https://rubygems.org/quick/Marshal.4.8/jekyll-4.4.1.gemspec.rz
HTTP GET https://rubygems.org/quick/Marshal.4.8/concurrent-ruby-0.0.1.gemspec.rz
HTTP 200 OK https://rubygems.org/quick/Marshal.4.8/concurrent-ruby-0.0.1.gemspec.rz
HTTP GET https://rubygems.org/quick/Marshal.4.8/concurrent-ruby-0.1.0.gemspec.rz
HTTP 200 OK https://rubygems.org/quick/Marshal.4.8/concurrent-ruby-0.1.0.gemspec.rz
HTTP GET https://rubygems.org/quick/Marshal.4.8/concurrent-ruby-0.1.1.gemspec.rz
HTTP 200 OK https://rubygems.org/quick/Marshal.4.8/concurrent-ruby-0.1.1.gemspec.rz
HTTP GET https://rubygems.org/quick/Marshal.4.8/concurrent-ruby-0.2.0.gemspec.rz
HTTP 200 OK https://rubygems.org/quick/Marshal.4.8/concurrent-ruby-0.2.0.gemspec.rz
HTTP GET https://rubygems.org/quick/Marshal.4.8/concurrent-ruby-0.2.1.gemspec.rz
HTTP 200 OK https://rubygems.org/quick/Marshal.4.8/concurrent-ruby-0.2.1.gemspec.rz
HTTP GET https://rubygems.org/quick/Marshal.4.8/concurrent-ruby-0.2.2.gemspec.rz
HTTP 200 OK https://rubygems.org/quick/Marshal.4.8/concurrent-ruby-0.2.2.gemspec.rz
HTTP GET https://rubygems.org/quick/Marshal.4.8/concurrent-ruby-0.3.0.gemspec.rz
HTTP 200 OK https://rubygems.org/quick/Marshal.4.8/concurrent-ruby-0.3.0.gemspec.rz
HTTP GET https://rubygems.org/quick/Marshal.4.8/concurrent-ruby-0.3.1.gemspec.rz
HTTP 200 OK https://rubygems.org/quick/Marshal.4.8/concurrent-ruby-0.3.1.gemspec.rz
HTTP GET https://rubygems.org/quick/Marshal.4.8/concurrent-ruby-0.3.2.gemspec.rz
HTTP 200 OK https://rubygems.org/quick/Marshal.4.8/concurrent-ruby-0.3.2.gemspec.rz
HTTP GET https://rubygems.org/quick/Marshal.4.8/concurrent-ruby-0.4.0.gemspec.rz
HTTP 200 OK https://rubygems.org/quick/Marshal.4.8/concurrent-ruby-0.4.0.gemspec.rz
HTTP GET https://rubygems.org/quick/Marshal.4.8/concurrent-ruby-0.4.1.gemspec.rz
HTTP 200 OK https://rubygems.org/quick/Marshal.4.8/concurrent-ruby-0.4.1.gemspec.rz
HTTP GET https://rubygems.org/quick/Marshal.4.8/concurrent-ruby-0.5.0.gemspec.rz
HTTP 200 OK https://rubygems.org/quick/Marshal.4.8/concurrent-ruby-0.5.0.gemspec.rz
HTTP GET https://rubygems.org/quick/Marshal.4.8/concurrent-ruby-0.6.0.gemspec.rz
HTTP 200 OK https://rubygems.org/quick/Marshal.4.8/concurrent-ruby-0.6.0.gemspec.rz
HTTP GET https://rubygems.org/quick/Marshal.4.8/concurrent-ruby-0.6.1.gemspec.rz
HTTP 200 OK https://rubygems.org/quick/Marshal.4.8/concurrent-ruby-0.6.1.gemspec.rz
HTTP GET https://rubygems.org/quick/Marshal.4.8/concurrent-ruby-0.7.0.gemspec.rz
HTTP 200 OK https://rubygems.org/quick/Marshal.4.8/concurrent-ruby-0.7.0.gemspec.rz
HTTP GET https://rubygems.org/quick/Marshal.4.8/concurrent-ruby-0.7.1.gemspec.rz
HTTP 200 OK https://rubygems.org/quick/Marshal.4.8/concurrent-ruby-0.7.1.gemspec.rz
HTTP GET https://rubygems.org/quick/Marshal.4.8/concurrent-ruby-0.7.2.gemspec.rz
HTTP 200 OK https://rubygems.org/quick/Marshal.4.8/concurrent-ruby-0.7.2.gemspec.rz
HTTP GET https://rubygems.org/quick/Marshal.4.8/concurrent-ruby-0.8.0.gemspec.rz
HTTP 200 OK https://rubygems.org/quick/Marshal.4.8/concurrent-ruby-0.8.0.gemspec.rz
HTTP GET https://rubygems.org/quick/Marshal.4.8/concurrent-ruby-0.9.0.gemspec.rz
HTTP 200 OK https://rubygems.org/quick/Marshal.4.8/concurrent-ruby-0.9.0.gemspec.rz
HTTP GET https://rubygems.org/quick/Marshal.4.8/concurrent-ruby-0.9.1.gemspec.rz
HTTP 200 OK https://rubygems.org/quick/Marshal.4.8/concurrent-ruby-0.9.1.gemspec.rz
HTTP GET https://rubygems.org/quick/Marshal.4.8/concurrent-ruby-0.9.2.gemspec.rz
HTTP 200 OK https://rubygems.org/quick/Marshal.4.8/concurrent-ruby-0.9.2.gemspec.rz
HTTP GET https://rubygems.org/quick/Marshal.4.8/concurrent-ruby-1.0.0.gemspec.rz
HTTP 200 OK https://rubygems.org/quick/Marshal.4.8/concurrent-ruby-1.0.0.gemspec.rz
HTTP GET https://rubygems.org/quick/Marshal.4.8/concurrent-ruby-1.0.1.gemspec.rz
HTTP 200 OK https://rubygems.org/quick/Marshal.4.8/concurrent-ruby-1.0.1.gemspec.rz
HTTP GET https://rubygems.org/quick/Marshal.4.8/concurrent-ruby-1.0.2.gemspec.rz
HTTP 200 OK https://rubygems.org/quick/Marshal.4.8/concurrent-ruby-1.0.2.gemspec.rz
HTTP GET https://rubygems.org/quick/Marshal.4.8/concurrent-ruby-1.0.3.gemspec.rz
HTTP 200 OK https://rubygems.org/quick/Marshal.4.8/concurrent-ruby-1.0.3.gemspec.rz
HTTP GET https://rubygems.org/quick/Marshal.4.8/concurrent-ruby-1.0.4.gemspec.rz
HTTP 200 OK https://rubygems.org/quick/Marshal.4.8/concurrent-ruby-1.0.4.gemspec.rz
HTTP GET https://rubygems.org/quick/Marshal.4.8/concurrent-ruby-1.0.5.gemspec.rz
HTTP 200 OK https://rubygems.org/quick/Marshal.4.8/concurrent-ruby-1.0.5.gemspec.rz
HTTP GET https://rubygems.org/quick/Marshal.4.8/concurrent-ruby-1.1.1.gemspec.rz
HTTP 200 OK https://rubygems.org/quick/Marshal.4.8/concurrent-ruby-1.1.1.gemspec.rz
HTTP GET https://rubygems.org/quick/Marshal.4.8/concurrent-ruby-1.1.2.gemspec.rz
HTTP 200 OK https://rubygems.org/quick/Marshal.4.8/concurrent-ruby-1.1.2.gemspec.rz
HTTP GET https://rubygems.org/quick/Marshal.4.8/concurrent-ruby-1.1.3.gemspec.rz
HTTP 200 OK https://rubygems.org/quick/Marshal.4.8/concurrent-ruby-1.1.3.gemspec.rz
HTTP GET https://rubygems.org/quick/Marshal.4.8/concurrent-ruby-1.1.4.gemspec.rz
HTTP 200 OK https://rubygems.org/quick/Marshal.4.8/concurrent-ruby-1.1.4.gemspec.rz
HTTP GET https://rubygems.org/quick/Marshal.4.8/concurrent-ruby-1.1.5.gemspec.rz
HTTP 200 OK https://rubygems.org/quick/Marshal.4.8/concurrent-ruby-1.1.5.gemspec.rz
HTTP GET https://rubygems.org/quick/Marshal.4.8/concurrent-ruby-1.1.6.gemspec.rz
HTTP 200 OK https://rubygems.org/quick/Marshal.4.8/concurrent-ruby-1.1.6.gemspec.rz
HTTP GET https://rubygems.org/quick/Marshal.4.8/concurrent-ruby-1.1.7.gemspec.rz
HTTP 200 OK https://rubygems.org/quick/Marshal.4.8/concurrent-ruby-1.1.7.gemspec.rz
HTTP GET https://rubygems.org/quick/Marshal.4.8/concurrent-ruby-1.1.8.gemspec.rz
HTTP 200 OK https://rubygems.org/quick/Marshal.4.8/concurrent-ruby-1.1.8.gemspec.rz
HTTP GET https://rubygems.org/quick/Marshal.4.8/concurrent-ruby-1.1.9.gemspec.rz
HTTP 200 OK https://rubygems.org/quick/Marshal.4.8/concurrent-ruby-1.1.9.gemspec.rz
HTTP GET https://rubygems.org/quick/Marshal.4.8/concurrent-ruby-1.1.10.gemspec.rz
HTTP 200 OK https://rubygems.org/quick/Marshal.4.8/concurrent-ruby-1.1.10.gemspec.rz
HTTP GET https://rubygems.org/quick/Marshal.4.8/concurrent-ruby-1.2.0.gemspec.rz
HTTP 200 OK https://rubygems.org/quick/Marshal.4.8/concurrent-ruby-1.2.0.gemspec.rz
HTTP GET https://rubygems.org/quick/Marshal.4.8/concurrent-ruby-1.2.1.gemspec.rz
HTTP 200 OK https://rubygems.org/quick/Marshal.4.8/concurrent-ruby-1.2.1.gemspec.rz
HTTP GET https://rubygems.org/quick/Marshal.4.8/concurrent-ruby-1.2.2.gemspec.rz
HTTP 200 OK https://rubygems.org/quick/Marshal.4.8/concurrent-ruby-1.2.2.gemspec.rz
HTTP GET https://rubygems.org/quick/Marshal.4.8/concurrent-ruby-1.2.3.gemspec.rz
HTTP 200 OK https://rubygems.org/quick/Marshal.4.8/concurrent-ruby-1.2.3.gemspec.rz
HTTP GET https://rubygems.org/quick/Marshal.4.8/concurrent-ruby-1.3.1.gemspec.rz
HTTP 200 OK https://rubygems.org/quick/Marshal.4.8/concurrent-ruby-1.3.1.gemspec.rz
HTTP GET https://rubygems.org/quick/Marshal.4.8/concurrent-ruby-1.3.2.gemspec.rz
HTTP 200 OK https://rubygems.org/quick/Marshal.4.8/concurrent-ruby-1.3.2.gemspec.rz
HTTP GET https://rubygems.org/quick/Marshal.4.8/concurrent-ruby-1.3.3.gemspec.rz
HTTP 200 OK https://rubygems.org/quick/Marshal.4.8/concurrent-ruby-1.3.3.gemspec.rz
HTTP GET https://rubygems.org/quick/Marshal.4.8/concurrent-ruby-1.3.4.gemspec.rz
HTTP 200 OK https://rubygems.org/quick/Marshal.4.8/concurrent-ruby-1.3.4.gemspec.rz
HTTP GET https://rubygems.org/quick/Marshal.4.8/concurrent-ruby-1.3.5.gemspec.rz
HTTP 200 OK https://rubygems.org/quick/Marshal.4.8/concurrent-ruby-1.3.5.gemspec.rz
HTTP GET https://rubygems.org/quick/Marshal.4.8/concurrent-ruby-1.3.6.gemspec.rz
HTTP 200 OK https://rubygems.org/quick/Marshal.4.8/concurrent-ruby-1.3.6.gemspec.rz
HTTP GET https://rubygems.org/quick/Marshal.4.8/concurrent-ruby-1.3.7.gemspec.rz
HTTP 200 OK https://rubygems.org/quick/Marshal.4.8/concurrent-ruby-1.3.7.gemspec.rz
HTTP GET https://rubygems.org/quick/Marshal.4.8/zeitwerk-1.0.0.gemspec.rz
HTTP 200 OK https://rubygems.org/quick/Marshal.4.8/zeitwerk-1.0.0.gemspec.rz
HTTP GET https://rubygems.org/quick/Marshal.4.8/zeitwerk-1.1.0.gemspec.rz
HTTP 200 OK https://rubygems.org/quick/Marshal.4.8/zeitwerk-1.1.0.gemspec.rz
HTTP GET https://rubygems.org/quick/Marshal.4.8/zeitwerk-1.2.0.gemspec.rz
HTTP 200 OK https://rubygems.org/quick/Marshal.4.8/zeitwerk-1.2.0.gemspec.rz
HTTP GET https://rubygems.org/quick/Marshal.4.8/zeitwerk-1.3.0.gemspec.rz
HTTP 200 OK https://rubygems.org/quick/Marshal.4.8/zeitwerk-1.3.0.gemspec.rz
HTTP GET https://rubygems.org/quick/Marshal.4.8/zeitwerk-1.3.1.gemspec.rz
HTTP 200 OK https://rubygems.org/quick/Marshal.4.8/zeitwerk-1.3.1.gemspec.rz
HTTP GET https://rubygems.org/quick/Marshal.4.8/zeitwerk-1.3.2.gemspec.rz
HTTP 200 OK https://rubygems.org/quick/Marshal.4.8/zeitwerk-1.3.2.gemspec.rz
HTTP GET https://rubygems.org/quick/Marshal.4.8/zeitwerk-1.3.3.gemspec.rz
HTTP 200 OK https://rubygems.org/quick/Marshal.4.8/zeitwerk-1.3.3.gemspec.rz
HTTP GET https://rubygems.org/quick/Marshal.4.8/zeitwerk-1.3.4.gemspec.rz
HTTP 200 OK https://rubygems.org/quick/Marshal.4.8/zeitwerk-1.3.4.gemspec.rz
HTTP GET https://rubygems.org/quick/Marshal.4.8/zeitwerk-1.4.0.gemspec.rz
HTTP 200 OK https://rubygems.org/quick/Marshal.4.8/zeitwerk-1.4.0.gemspec.rz
HTTP GET https://rubygems.org/quick/Marshal.4.8/zeitwerk-1.4.1.gemspec.rz
HTTP 200 OK https://rubygems.org/quick/Marshal.4.8/zeitwerk-1.4.1.gemspec.rz
HTTP GET https://rubygems.org/quick/Marshal.4.8/zeitwerk-1.4.2.gemspec.rz
HTTP 200 OK https://rubygems.org/quick/Marshal.4.8/zeitwerk-1.4.2.gemspec.rz
HTTP GET https://rubygems.org/quick/Marshal.4.8/zeitwerk-1.4.3.gemspec.rz
HTTP 200 OK https://rubygems.org/quick/Marshal.4.8/zeitwerk-1.4.3.gemspec.rz
HTTP GET https://rubygems.org/quick/Marshal.4.8/zeitwerk-2.0.0.gemspec.rz
HTTP 200 OK https://rubygems.org/quick/Marshal.4.8/zeitwerk-2.0.0.gemspec.rz
HTTP GET https://rubygems.org/quick/Marshal.4.8/zeitwerk-2.1.0.gemspec.rz
HTTP 200 OK https://rubygems.org/quick/Marshal.4.8/zeitwerk-2.1.0.gemspec.rz
HTTP GET https://rubygems.org/quick/Marshal.4.8/zeitwerk-2.1.1.gemspec.rz
HTTP 200 OK https://rubygems.org/quick/Marshal.4.8/zeitwerk-2.1.1.gemspec.rz
HTTP GET https://rubygems.org/quick/Marshal.4.8/zeitwerk-2.1.2.gemspec.rz
HTTP 200 OK https://rubygems.org/quick/Marshal.4.8/zeitwerk-2.1.2.gemspec.rz
HTTP GET https://rubygems.org/quick/Marshal.4.8/zeitwerk-2.1.3.gemspec.rz
HTTP 200 OK https://rubygems.org/quick/Marshal.4.8/zeitwerk-2.1.3.gemspec.rz
HTTP GET https://rubygems.org/quick/Marshal.4.8/zeitwerk-2.1.4.gemspec.rz
HTTP 200 OK https://rubygems.org/quick/Marshal.4.8/zeitwerk-2.1.4.gemspec.rz
HTTP GET https://rubygems.org/quick/Marshal.4.8/zeitwerk-2.1.5.gemspec.rz
HTTP 200 OK https://rubygems.org/quick/Marshal.4.8/zeitwerk-2.1.5.gemspec.rz
HTTP GET https://rubygems.org/quick/Marshal.4.8/zeitwerk-2.1.6.gemspec.rz
HTTP 200 OK https://rubygems.org/quick/Marshal.4.8/zeitwerk-2.1.6.gemspec.rz
HTTP GET https://rubygems.org/quick/Marshal.4.8/zeitwerk-2.1.7.gemspec.rz
HTTP 200 OK https://rubygems.org/quick/Marshal.4.8/zeitwerk-2.1.7.gemspec.rz
HTTP GET https://rubygems.org/quick/Marshal.4.8/zeitwerk-2.1.8.gemspec.rz
HTTP 200 OK https://rubygems.org/quick/Marshal.4.8/zeitwerk-2.1.8.gemspec.rz
HTTP GET https://rubygems.org/quick/Marshal.4.8/zeitwerk-2.1.9.gemspec.rz
HTTP 200 OK https://rubygems.org/quick/Marshal.4.8/zeitwerk-2.1.9.gemspec.rz
HTTP GET https://rubygems.org/quick/Marshal.4.8/zeitwerk-2.1.10.gemspec.rz
HTTP 200 OK https://rubygems.org/quick/Marshal.4.8/zeitwerk-2.1.10.gemspec.rz
HTTP GET https://rubygems.org/quick/Marshal.4.8/zeitwerk-2.2.0.gemspec.rz
HTTP 200 OK https://rubygems.org/quick/Marshal.4.8/zeitwerk-2.2.0.gemspec.rz
HTTP GET https://rubygems.org/quick/Marshal.4.8/zeitwerk-2.2.1.gemspec.rz
HTTP 200 OK https://rubygems.org/quick/Marshal.4.8/zeitwerk-2.2.1.gemspec.rz
HTTP GET https://rubygems.org/quick/Marshal.4.8/zeitwerk-2.2.2.gemspec.rz
HTTP 200 OK https://rubygems.org/quick/Marshal.4.8/zeitwerk-2.2.2.gemspec.rz
HTTP GET https://rubygems.org/quick/Marshal.4.8/zeitwerk-2.3.0.gemspec.rz
HTTP 200 OK https://rubygems.org/quick/Marshal.4.8/zeitwerk-2.3.0.gemspec.rz
HTTP GET https://rubygems.org/quick/Marshal.4.8/zeitwerk-2.3.1.gemspec.rz
HTTP 200 OK https://rubygems.org/quick/Marshal.4.8/zeitwerk-2.3.1.gemspec.rz
HTTP GET https://rubygems.org/quick/Marshal.4.8/zeitwerk-2.4.0.gemspec.rz
HTTP 200 OK https://rubygems.org/quick/Marshal.4.8/zeitwerk-2.4.0.gemspec.rz
HTTP GET https://rubygems.org/quick/Marshal.4.8/zeitwerk-2.4.1.gemspec.rz
HTTP 200 OK https://rubygems.org/quick/Marshal.4.8/zeitwerk-2.4.1.gemspec.rz
HTTP GET https://rubygems.org/quick/Marshal.4.8/zeitwerk-2.4.2.gemspec.rz
HTTP 200 OK https://rubygems.org/quick/Marshal.4.8/zeitwerk-2.4.2.gemspec.rz
HTTP GET https://rubygems.org/quick/Marshal.4.8/zeitwerk-2.5.0.gemspec.rz
HTTP 200 OK https://rubygems.org/quick/Marshal.4.8/zeitwerk-2.5.0.gemspec.rz
HTTP GET https://rubygems.org/quick/Marshal.4.8/zeitwerk-2.5.1.gemspec.rz
HTTP 200 OK https://rubygems.org/quick/Marshal.4.8/zeitwerk-2.5.1.gemspec.rz
HTTP GET https://rubygems.org/quick/Marshal.4.8/zeitwerk-2.5.2.gemspec.rz
HTTP 200 OK https://rubygems.org/quick/Marshal.4.8/zeitwerk-2.5.2.gemspec.rz
HTTP GET https://rubygems.org/quick/Marshal.4.8/zeitwerk-2.5.3.gemspec.rz
HTTP 200 OK https://rubygems.org/quick/Marshal.4.8/zeitwerk-2.5.3.gemspec.rz
HTTP GET https://rubygems.org/quick/Marshal.4.8/zeitwerk-2.5.4.gemspec.rz
HTTP 200 OK https://rubygems.org/quick/Marshal.4.8/zeitwerk-2.5.4.gemspec.rz
HTTP GET https://rubygems.org/quick/Marshal.4.8/zeitwerk-2.6.0.gemspec.rz
HTTP 200 OK https://rubygems.org/quick/Marshal.4.8/zeitwerk-2.6.0.gemspec.rz
HTTP GET https://rubygems.org/quick/Marshal.4.8/zeitwerk-2.6.1.gemspec.rz
HTTP 200 OK https://rubygems.org/quick/Marshal.4.8/zeitwerk-2.6.1.gemspec.rz
HTTP GET https://rubygems.org/quick/Marshal.4.8/zeitwerk-2.6.2.gemspec.rz
HTTP 200 OK https://rubygems.org/quick/Marshal.4.8/zeitwerk-2.6.2.gemspec.rz
HTTP GET https://rubygems.org/quick/Marshal.4.8/zeitwerk-2.6.3.gemspec.rz
HTTP 200 OK https://rubygems.org/quick/Marshal.4.8/zeitwerk-2.6.3.gemspec.rz
HTTP GET https://rubygems.org/quick/Marshal.4.8/zeitwerk-2.6.4.gemspec.rz
HTTP 200 OK https://rubygems.org/quick/Marshal.4.8/zeitwerk-2.6.4.gemspec.rz
HTTP GET https://rubygems.org/quick/Marshal.4.8/zeitwerk-2.6.5.gemspec.rz
HTTP 200 OK https://rubygems.org/quick/Marshal.4.8/zeitwerk-2.6.5.gemspec.rz
HTTP GET https://rubygems.org/quick/Marshal.4.8/zeitwerk-2.6.6.gemspec.rz
HTTP 200 OK https://rubygems.org/quick/Marshal.4.8/zeitwerk-2.6.6.gemspec.rz
HTTP GET https://rubygems.org/quick/Marshal.4.8/zeitwerk-2.6.7.gemspec.rz
HTTP 200 OK https://rubygems.org/quick/Marshal.4.8/zeitwerk-2.6.7.gemspec.rz
HTTP GET https://rubygems.org/quick/Marshal.4.8/zeitwerk-2.6.8.gemspec.rz
HTTP 200 OK https://rubygems.org/quick/Marshal.4.8/zeitwerk-2.6.8.gemspec.rz
HTTP GET https://rubygems.org/quick/Marshal.4.8/zeitwerk-2.6.9.gemspec.rz
HTTP 200 OK https://rubygems.org/quick/Marshal.4.8/zeitwerk-2.6.9.gemspec.rz
HTTP GET https://rubygems.org/quick/Marshal.4.8/zeitwerk-2.6.10.gemspec.rz
HTTP 200 OK https://rubygems.org/quick/Marshal.4.8/zeitwerk-2.6.10.gemspec.rz
HTTP GET https://rubygems.org/quick/Marshal.4.8/zeitwerk-2.6.11.gemspec.rz
HTTP 200 OK https://rubygems.org/quick/Marshal.4.8/zeitwerk-2.6.11.gemspec.rz
HTTP GET https://rubygems.org/quick/Marshal.4.8/zeitwerk-2.6.12.gemspec.rz
HTTP 200 OK https://rubygems.org/quick/Marshal.4.8/zeitwerk-2.6.12.gemspec.rz
HTTP GET https://rubygems.org/quick/Marshal.4.8/zeitwerk-2.6.13.gemspec.rz
HTTP 200 OK https://rubygems.org/quick/Marshal.4.8/zeitwerk-2.6.13.gemspec.rz
HTTP GET https://rubygems.org/quick/Marshal.4.8/zeitwerk-2.6.14.gemspec.rz
HTTP 200 OK https://rubygems.org/quick/Marshal.4.8/zeitwerk-2.6.14.gemspec.rz
HTTP GET https://rubygems.org/quick/Marshal.4.8/zeitwerk-2.6.15.gemspec.rz
HTTP 200 OK https://rubygems.org/quick/Marshal.4.8/zeitwerk-2.6.15.gemspec.rz
HTTP GET https://rubygems.org/quick/Marshal.4.8/zeitwerk-2.6.16.gemspec.rz
HTTP 200 OK https://rubygems.org/quick/Marshal.4.8/zeitwerk-2.6.16.gemspec.rz
HTTP GET https://rubygems.org/quick/Marshal.4.8/zeitwerk-2.6.17.gemspec.rz
HTTP 200 OK https://rubygems.org/quick/Marshal.4.8/zeitwerk-2.6.17.gemspec.rz
HTTP GET https://rubygems.org/quick/Marshal.4.8/zeitwerk-2.6.18.gemspec.rz
HTTP 200 OK https://rubygems.org/quick/Marshal.4.8/zeitwerk-2.6.18.gemspec.rz
HTTP GET https://rubygems.org/quick/Marshal.4.8/zeitwerk-2.7.0.gemspec.rz
HTTP 200 OK https://rubygems.org/quick/Marshal.4.8/zeitwerk-2.7.0.gemspec.rz
HTTP GET https://rubygems.org/quick/Marshal.4.8/zeitwerk-2.7.1.gemspec.rz
HTTP 200 OK https://rubygems.org/quick/Marshal.4.8/zeitwerk-2.7.1.gemspec.rz
HTTP GET https://rubygems.org/quick/Marshal.4.8/zeitwerk-2.7.2.gemspec.rz
HTTP 200 OK https://rubygems.org/quick/Marshal.4.8/zeitwerk-2.7.2.gemspec.rz
HTTP GET https://rubygems.org/quick/Marshal.4.8/zeitwerk-2.7.3.gemspec.rz
HTTP 200 OK https://rubygems.org/quick/Marshal.4.8/zeitwerk-2.7.3.gemspec.rz
HTTP GET https://rubygems.org/quick/Marshal.4.8/zeitwerk-2.7.4.gemspec.rz
HTTP 200 OK https://rubygems.org/quick/Marshal.4.8/zeitwerk-2.7.4.gemspec.rz
HTTP GET https://rubygems.org/quick/Marshal.4.8/zeitwerk-2.7.5.gemspec.rz
HTTP 200 OK https://rubygems.org/quick/Marshal.4.8/zeitwerk-2.7.5.gemspec.rz
HTTP GET https://rubygems.org/quick/Marshal.4.8/zeitwerk-2.8.0.gemspec.rz
HTTP 200 OK https://rubygems.org/quick/Marshal.4.8/zeitwerk-2.8.0.gemspec.rz
HTTP GET https://rubygems.org/quick/Marshal.4.8/zeitwerk-2.8.1.gemspec.rz
HTTP 200 OK https://rubygems.org/quick/Marshal.4.8/zeitwerk-2.8.1.gemspec.rz
HTTP GET https://rubygems.org/quick/Marshal.4.8/zeitwerk-2.8.2.gemspec.rz
HTTP 200 OK https://rubygems.org/quick/Marshal.4.8/zeitwerk-2.8.2.gemspec.rz
HTTP GET https://rubygems.org/quick/Marshal.4.8/yell-0.0.1.gemspec.rz
HTTP 200 OK https://rubygems.org/quick/Marshal.4.8/yell-0.0.1.gemspec.rz
HTTP GET https://rubygems.org/quick/Marshal.4.8/yell-0.1.0.gemspec.rz
HTTP 200 OK https://rubygems.org/quick/Marshal.4.8/yell-0.1.0.gemspec.rz
HTTP GET https://rubygems.org/quick/Marshal.4.8/yell-0.2.0.gemspec.rz
HTTP 200 OK https://rubygems.org/quick/Marshal.4.8/yell-0.2.0.gemspec.rz
HTTP GET https://rubygems.org/quick/Marshal.4.8/yell-0.3.0.gemspec.rz
HTTP 200 OK https://rubygems.org/quick/Marshal.4.8/yell-0.3.0.gemspec.rz
HTTP GET https://rubygems.org/quick/Marshal.4.8/yell-0.3.1.gemspec.rz
HTTP 200 OK https://rubygems.org/quick/Marshal.4.8/yell-0.3.1.gemspec.rz
HTTP GET https://rubygems.org/quick/Marshal.4.8/yell-0.3.2.gemspec.rz
HTTP 200 OK https://rubygems.org/quick/Marshal.4.8/yell-0.3.2.gemspec.rz
HTTP GET https://rubygems.org/quick/Marshal.4.8/yell-0.3.3.gemspec.rz
HTTP 200 OK https://rubygems.org/quick/Marshal.4.8/yell-0.3.3.gemspec.rz
HTTP GET https://rubygems.org/quick/Marshal.4.8/yell-0.4.0.gemspec.rz
HTTP 200 OK https://rubygems.org/quick/Marshal.4.8/yell-0.4.0.gemspec.rz
HTTP GET https://rubygems.org/quick/Marshal.4.8/yell-0.4.1.gemspec.rz
HTTP 200 OK https://rubygems.org/quick/Marshal.4.8/yell-0.4.1.gemspec.rz
HTTP GET https://rubygems.org/quick/Marshal.4.8/yell-0.4.2.gemspec.rz
HTTP 200 OK https://rubygems.org/quick/Marshal.4.8/yell-0.4.2.gemspec.rz
HTTP GET https://rubygems.org/quick/Marshal.4.8/yell-0.4.3.gemspec.rz
HTTP 200 OK https://rubygems.org/quick/Marshal.4.8/yell-0.4.3.gemspec.rz
HTTP GET https://rubygems.org/quick/Marshal.4.8/yell-0.5.0.gemspec.rz
HTTP 200 OK https://rubygems.org/quick/Marshal.4.8/yell-0.5.0.gemspec.rz
HTTP GET https://rubygems.org/quick/Marshal.4.8/yell-0.5.1.gemspec.rz
HTTP 200 OK https://rubygems.org/quick/Marshal.4.8/yell-0.5.1.gemspec.rz
HTTP GET https://rubygems.org/quick/Marshal.4.8/yell-0.6.0.gemspec.rz
HTTP 200 OK https://rubygems.org/quick/Marshal.4.8/yell-0.6.0.gemspec.rz
HTTP GET https://rubygems.org/quick/Marshal.4.8/yell-0.7.0.gemspec.rz
HTTP 200 OK https://rubygems.org/quick/Marshal.4.8/yell-0.7.0.gemspec.rz
HTTP GET https://rubygems.org/quick/Marshal.4.8/yell-0.8.0.gemspec.rz
HTTP 200 OK https://rubygems.org/quick/Marshal.4.8/yell-0.8.0.gemspec.rz
HTTP GET https://rubygems.org/quick/Marshal.4.8/yell-0.9.0.gemspec.rz
HTTP 200 OK https://rubygems.org/quick/Marshal.4.8/yell-0.9.0.gemspec.rz
HTTP GET https://rubygems.org/quick/Marshal.4.8/yell-0.10.0.gemspec.rz
HTTP 200 OK https://rubygems.org/quick/Marshal.4.8/yell-0.10.0.gemspec.rz
HTTP GET https://rubygems.org/quick/Marshal.4.8/yell-0.11.0.gemspec.rz
HTTP 200 OK https://rubygems.org/quick/Marshal.4.8/yell-0.11.0.gemspec.rz
HTTP GET https://rubygems.org/quick/Marshal.4.8/yell-0.12.0.gemspec.rz
HTTP 200 OK https://rubygems.org/quick/Marshal.4.8/yell-0.12.0.gemspec.rz
HTTP GET https://rubygems.org/quick/Marshal.4.8/yell-0.12.1.gemspec.rz
HTTP 200 OK https://rubygems.org/quick/Marshal.4.8/yell-0.12.1.gemspec.rz
HTTP GET https://rubygems.org/quick/Marshal.4.8/yell-0.13.0.gemspec.rz
HTTP 200 OK https://rubygems.org/quick/Marshal.4.8/yell-0.13.0.gemspec.rz
HTTP GET https://rubygems.org/quick/Marshal.4.8/yell-0.13.1.gemspec.rz
HTTP 200 OK https://rubygems.org/quick/Marshal.4.8/yell-0.13.1.gemspec.rz
HTTP GET https://rubygems.org/quick/Marshal.4.8/yell-0.13.2.gemspec.rz
HTTP 200 OK https://rubygems.org/quick/Marshal.4.8/yell-0.13.2.gemspec.rz
HTTP GET https://rubygems.org/quick/Marshal.4.8/yell-0.13.3.gemspec.rz
HTTP 200 OK https://rubygems.org/quick/Marshal.4.8/yell-0.13.3.gemspec.rz
HTTP GET https://rubygems.org/quick/Marshal.4.8/yell-0.13.4.gemspec.rz
HTTP 200 OK https://rubygems.org/quick/Marshal.4.8/yell-0.13.4.gemspec.rz
HTTP GET https://rubygems.org/quick/Marshal.4.8/yell-1.0.0.gemspec.rz
HTTP 200 OK https://rubygems.org/quick/Marshal.4.8/yell-1.0.0.gemspec.rz
HTTP GET https://rubygems.org/quick/Marshal.4.8/yell-1.1.0.gemspec.rz
HTTP 200 OK https://rubygems.org/quick/Marshal.4.8/yell-1.1.0.gemspec.rz
HTTP GET https://rubygems.org/quick/Marshal.4.8/yell-1.2.0.gemspec.rz
HTTP 200 OK https://rubygems.org/quick/Marshal.4.8/yell-1.2.0.gemspec.rz
HTTP GET https://rubygems.org/quick/Marshal.4.8/yell-1.2.1.gemspec.rz
HTTP 200 OK https://rubygems.org/quick/Marshal.4.8/yell-1.2.1.gemspec.rz
HTTP GET https://rubygems.org/quick/Marshal.4.8/yell-1.2.2.gemspec.rz
HTTP 200 OK https://rubygems.org/quick/Marshal.4.8/yell-1.2.2.gemspec.rz
HTTP GET https://rubygems.org/quick/Marshal.4.8/yell-1.2.3.gemspec.rz
HTTP 200 OK https://rubygems.org/quick/Marshal.4.8/yell-1.2.3.gemspec.rz
HTTP GET https://rubygems.org/quick/Marshal.4.8/yell-1.3.0.gemspec.rz
HTTP 200 OK https://rubygems.org/quick/Marshal.4.8/yell-1.3.0.gemspec.rz
HTTP GET https://rubygems.org/quick/Marshal.4.8/yell-1.4.0.gemspec.rz
HTTP 200 OK https://rubygems.org/quick/Marshal.4.8/yell-1.4.0.gemspec.rz
HTTP GET https://rubygems.org/quick/Marshal.4.8/yell-1.5.0.gemspec.rz
HTTP 200 OK https://rubygems.org/quick/Marshal.4.8/yell-1.5.0.gemspec.rz
HTTP GET https://rubygems.org/quick/Marshal.4.8/yell-1.5.1.gemspec.rz
HTTP 200 OK https://rubygems.org/quick/Marshal.4.8/yell-1.5.1.gemspec.rz
HTTP GET https://rubygems.org/quick/Marshal.4.8/yell-2.0.0.gemspec.rz
HTTP 200 OK https://rubygems.org/quick/Marshal.4.8/yell-2.0.0.gemspec.rz
HTTP GET https://rubygems.org/quick/Marshal.4.8/yell-2.0.1.gemspec.rz
HTTP 200 OK https://rubygems.org/quick/Marshal.4.8/yell-2.0.1.gemspec.rz
HTTP GET https://rubygems.org/quick/Marshal.4.8/yell-2.0.2.gemspec.rz
HTTP 200 OK https://rubygems.org/quick/Marshal.4.8/yell-2.0.2.gemspec.rz
HTTP GET https://rubygems.org/quick/Marshal.4.8/yell-2.0.3.gemspec.rz
HTTP 200 OK https://rubygems.org/quick/Marshal.4.8/yell-2.0.3.gemspec.rz
HTTP GET https://rubygems.org/quick/Marshal.4.8/yell-2.0.4.gemspec.rz
HTTP 200 OK https://rubygems.org/quick/Marshal.4.8/yell-2.0.4.gemspec.rz
HTTP GET https://rubygems.org/quick/Marshal.4.8/yell-2.0.5.gemspec.rz
HTTP 200 OK https://rubygems.org/quick/Marshal.4.8/yell-2.0.5.gemspec.rz
HTTP GET https://rubygems.org/quick/Marshal.4.8/yell-2.0.6.gemspec.rz
HTTP 200 OK https://rubygems.org/quick/Marshal.4.8/yell-2.0.6.gemspec.rz
HTTP GET https://rubygems.org/quick/Marshal.4.8/yell-2.0.7.gemspec.rz
HTTP 200 OK https://rubygems.org/quick/Marshal.4.8/yell-2.0.7.gemspec.rz
HTTP GET https://rubygems.org/quick/Marshal.4.8/yell-2.1.0.gemspec.rz
HTTP 200 OK https://rubygems.org/quick/Marshal.4.8/yell-2.1.0.gemspec.rz
HTTP GET https://rubygems.org/quick/Marshal.4.8/yell-2.2.0.gemspec.rz
HTTP 200 OK https://rubygems.org/quick/Marshal.4.8/yell-2.2.0.gemspec.rz
HTTP GET https://rubygems.org/quick/Marshal.4.8/yell-2.2.1.gemspec.rz
HTTP 200 OK https://rubygems.org/quick/Marshal.4.8/yell-2.2.1.gemspec.rz
HTTP GET https://rubygems.org/quick/Marshal.4.8/typhoeus-0.1.2.gemspec.rz
HTTP 200 OK https://rubygems.org/quick/Marshal.4.8/typhoeus-0.1.2.gemspec.rz
HTTP GET https://rubygems.org/quick/Marshal.4.8/typhoeus-0.1.3.gemspec.rz
HTTP 200 OK https://rubygems.org/quick/Marshal.4.8/typhoeus-0.1.3.gemspec.rz
HTTP GET https://rubygems.org/quick/Marshal.4.8/typhoeus-0.1.4.gemspec.rz
HTTP 200 OK https://rubygems.org/quick/Marshal.4.8/typhoeus-0.1.4.gemspec.rz
HTTP GET https://rubygems.org/quick/Marshal.4.8/typhoeus-0.1.5.gemspec.rz
HTTP 200 OK https://rubygems.org/quick/Marshal.4.8/typhoeus-0.1.5.gemspec.rz
HTTP GET https://rubygems.org/quick/Marshal.4.8/typhoeus-0.1.6.gemspec.rz
HTTP 200 OK https://rubygems.org/quick/Marshal.4.8/typhoeus-0.1.6.gemspec.rz
HTTP GET https://rubygems.org/quick/Marshal.4.8/typhoeus-0.1.7.gemspec.rz
HTTP 200 OK https://rubygems.org/quick/Marshal.4.8/typhoeus-0.1.7.gemspec.rz
HTTP GET https://rubygems.org/quick/Marshal.4.8/typhoeus-0.1.8.gemspec.rz
HTTP 200 OK https://rubygems.org/quick/Marshal.4.8/typhoeus-0.1.8.gemspec.rz
HTTP GET https://rubygems.org/quick/Marshal.4.8/typhoeus-0.1.9.gemspec.rz
HTTP 200 OK https://rubygems.org/quick/Marshal.4.8/typhoeus-0.1.9.gemspec.rz
HTTP GET https://rubygems.org/quick/Marshal.4.8/typhoeus-0.1.10.gemspec.rz
HTTP 200 OK https://rubygems.org/quick/Marshal.4.8/typhoeus-0.1.10.gemspec.rz
HTTP GET https://rubygems.org/quick/Marshal.4.8/typhoeus-0.1.11.gemspec.rz
HTTP 200 OK https://rubygems.org/quick/Marshal.4.8/typhoeus-0.1.11.gemspec.rz
HTTP GET https://rubygems.org/quick/Marshal.4.8/typhoeus-0.1.12.gemspec.rz
HTTP 200 OK https://rubygems.org/quick/Marshal.4.8/typhoeus-0.1.12.gemspec.rz
HTTP GET https://rubygems.org/quick/Marshal.4.8/typhoeus-0.1.13.gemspec.rz
HTTP 200 OK https://rubygems.org/quick/Marshal.4.8/typhoeus-0.1.13.gemspec.rz
HTTP GET https://rubygems.org/quick/Marshal.4.8/typhoeus-0.1.14.gemspec.rz
HTTP 200 OK https://rubygems.org/quick/Marshal.4.8/typhoeus-0.1.14.gemspec.rz
HTTP GET https://rubygems.org/quick/Marshal.4.8/typhoeus-0.1.15.gemspec.rz
HTTP 200 OK https://rubygems.org/quick/Marshal.4.8/typhoeus-0.1.15.gemspec.rz
HTTP GET https://rubygems.org/quick/Marshal.4.8/typhoeus-0.1.16.gemspec.rz
HTTP 200 OK https://rubygems.org/quick/Marshal.4.8/typhoeus-0.1.16.gemspec.rz
HTTP GET https://rubygems.org/quick/Marshal.4.8/typhoeus-0.1.17.gemspec.rz
HTTP 200 OK https://rubygems.org/quick/Marshal.4.8/typhoeus-0.1.17.gemspec.rz
HTTP GET https://rubygems.org/quick/Marshal.4.8/typhoeus-0.1.18.gemspec.rz
HTTP 200 OK https://rubygems.org/quick/Marshal.4.8/typhoeus-0.1.18.gemspec.rz
HTTP GET https://rubygems.org/quick/Marshal.4.8/typhoeus-0.1.19.gemspec.rz
HTTP 200 OK https://rubygems.org/quick/Marshal.4.8/typhoeus-0.1.19.gemspec.rz
HTTP GET https://rubygems.org/quick/Marshal.4.8/typhoeus-0.1.20.gemspec.rz
HTTP 200 OK https://rubygems.org/quick/Marshal.4.8/typhoeus-0.1.20.gemspec.rz
HTTP GET https://rubygems.org/quick/Marshal.4.8/typhoeus-0.1.21.gemspec.rz
HTTP 200 OK https://rubygems.org/quick/Marshal.4.8/typhoeus-0.1.21.gemspec.rz
HTTP GET https://rubygems.org/quick/Marshal.4.8/typhoeus-0.1.22.gemspec.rz
HTTP 200 OK https://rubygems.org/quick/Marshal.4.8/typhoeus-0.1.22.gemspec.rz
HTTP GET https://rubygems.org/quick/Marshal.4.8/typhoeus-0.1.23.gemspec.rz
HTTP 200 OK https://rubygems.org/quick/Marshal.4.8/typhoeus-0.1.23.gemspec.rz
HTTP GET https://rubygems.org/quick/Marshal.4.8/typhoeus-0.1.24.gemspec.rz
HTTP 200 OK https://rubygems.org/quick/Marshal.4.8/typhoeus-0.1.24.gemspec.rz
HTTP GET https://rubygems.org/quick/Marshal.4.8/typhoeus-0.1.25.gemspec.rz
HTTP 200 OK https://rubygems.org/quick/Marshal.4.8/typhoeus-0.1.25.gemspec.rz
HTTP GET https://rubygems.org/quick/Marshal.4.8/typhoeus-0.1.26.gemspec.rz
HTTP 200 OK https://rubygems.org/quick/Marshal.4.8/typhoeus-0.1.26.gemspec.rz
HTTP GET https://rubygems.org/quick/Marshal.4.8/typhoeus-0.1.27.gemspec.rz
HTTP 200 OK https://rubygems.org/quick/Marshal.4.8/typhoeus-0.1.27.gemspec.rz
HTTP GET https://rubygems.org/quick/Marshal.4.8/typhoeus-0.1.28.gemspec.rz
HTTP 200 OK https://rubygems.org/quick/Marshal.4.8/typhoeus-0.1.28.gemspec.rz
HTTP GET https://rubygems.org/quick/Marshal.4.8/typhoeus-0.1.29.gemspec.rz
HTTP 200 OK https://rubygems.org/quick/Marshal.4.8/typhoeus-0.1.29.gemspec.rz
HTTP GET https://rubygems.org/quick/Marshal.4.8/typhoeus-0.1.30.gemspec.rz
HTTP 200 OK https://rubygems.org/quick/Marshal.4.8/typhoeus-0.1.30.gemspec.rz
HTTP GET https://rubygems.org/quick/Marshal.4.8/typhoeus-0.1.31.gemspec.rz
HTTP 200 OK https://rubygems.org/quick/Marshal.4.8/typhoeus-0.1.31.gemspec.rz
HTTP GET https://rubygems.org/quick/Marshal.4.8/typhoeus-0.2.0.gemspec.rz
HTTP 200 OK https://rubygems.org/quick/Marshal.4.8/typhoeus-0.2.0.gemspec.rz
HTTP GET https://rubygems.org/quick/Marshal.4.8/typhoeus-0.2.1.gemspec.rz
HTTP 200 OK https://rubygems.org/quick/Marshal.4.8/typhoeus-0.2.1.gemspec.rz
HTTP GET https://rubygems.org/quick/Marshal.4.8/typhoeus-0.2.2.gemspec.rz
HTTP 200 OK https://rubygems.org/quick/Marshal.4.8/typhoeus-0.2.2.gemspec.rz
HTTP GET https://rubygems.org/quick/Marshal.4.8/typhoeus-0.2.3.gemspec.rz
HTTP 200 OK https://rubygems.org/quick/Marshal.4.8/typhoeus-0.2.3.gemspec.rz
HTTP GET https://rubygems.org/quick/Marshal.4.8/typhoeus-0.2.4.gemspec.rz
HTTP 200 OK https://rubygems.org/quick/Marshal.4.8/typhoeus-0.2.4.gemspec.rz
HTTP GET https://rubygems.org/quick/Marshal.4.8/typhoeus-0.3.2.gemspec.rz
HTTP 200 OK https://rubygems.org/quick/Marshal.4.8/typhoeus-0.3.2.gemspec.rz
HTTP GET https://rubygems.org/quick/Marshal.4.8/typhoeus-0.3.3.gemspec.rz
HTTP 200 OK https://rubygems.org/quick/Marshal.4.8/typhoeus-0.3.3.gemspec.rz
HTTP GET https://rubygems.org/quick/Marshal.4.8/typhoeus-0.4.0.gemspec.rz
HTTP 200 OK https://rubygems.org/quick/Marshal.4.8/typhoeus-0.4.0.gemspec.rz
HTTP GET https://rubygems.org/quick/Marshal.4.8/typhoeus-0.4.1.gemspec.rz
HTTP 200 OK https://rubygems.org/quick/Marshal.4.8/typhoeus-0.4.1.gemspec.rz
HTTP GET https://rubygems.org/quick/Marshal.4.8/typhoeus-0.4.2.gemspec.rz
HTTP 200 OK https://rubygems.org/quick/Marshal.4.8/typhoeus-0.4.2.gemspec.rz
HTTP GET https://rubygems.org/quick/Marshal.4.8/typhoeus-0.5.0.gemspec.rz
HTTP 200 OK https://rubygems.org/quick/Marshal.4.8/typhoeus-0.5.0.gemspec.rz
HTTP GET https://rubygems.org/quick/Marshal.4.8/typhoeus-0.5.1.gemspec.rz
HTTP 200 OK https://rubygems.org/quick/Marshal.4.8/typhoeus-0.5.1.gemspec.rz
HTTP GET https://rubygems.org/quick/Marshal.4.8/typhoeus-0.5.2.gemspec.rz
HTTP 200 OK https://rubygems.org/quick/Marshal.4.8/typhoeus-0.5.2.gemspec.rz
HTTP GET https://rubygems.org/quick/Marshal.4.8/typhoeus-0.5.3.gemspec.rz
HTTP 200 OK https://rubygems.org/quick/Marshal.4.8/typhoeus-0.5.3.gemspec.rz
HTTP GET https://rubygems.org/quick/Marshal.4.8/typhoeus-0.5.4.gemspec.rz
HTTP 200 OK https://rubygems.org/quick/Marshal.4.8/typhoeus-0.5.4.gemspec.rz
HTTP GET https://rubygems.org/quick/Marshal.4.8/typhoeus-0.6.0.gemspec.rz
HTTP 200 OK https://rubygems.org/quick/Marshal.4.8/typhoeus-0.6.0.gemspec.rz
HTTP GET https://rubygems.org/quick/Marshal.4.8/typhoeus-0.6.1.gemspec.rz
HTTP 200 OK https://rubygems.org/quick/Marshal.4.8/typhoeus-0.6.1.gemspec.rz
HTTP GET https://rubygems.org/quick/Marshal.4.8/typhoeus-0.6.2.gemspec.rz
HTTP 200 OK https://rubygems.org/quick/Marshal.4.8/typhoeus-0.6.2.gemspec.rz
HTTP GET https://rubygems.org/quick/Marshal.4.8/typhoeus-0.6.3.gemspec.rz
HTTP 200 OK https://rubygems.org/quick/Marshal.4.8/typhoeus-0.6.3.gemspec.rz
HTTP GET https://rubygems.org/quick/Marshal.4.8/typhoeus-0.6.4.gemspec.rz
HTTP 200 OK https://rubygems.org/quick/Marshal.4.8/typhoeus-0.6.4.gemspec.rz
HTTP GET https://rubygems.org/quick/Marshal.4.8/typhoeus-0.6.5.gemspec.rz
HTTP 200 OK https://rubygems.org/quick/Marshal.4.8/typhoeus-0.6.5.gemspec.rz
HTTP GET https://rubygems.org/quick/Marshal.4.8/typhoeus-0.6.6.gemspec.rz
HTTP 200 OK https://rubygems.org/quick/Marshal.4.8/typhoeus-0.6.6.gemspec.rz
HTTP GET https://rubygems.org/quick/Marshal.4.8/typhoeus-0.6.7.gemspec.rz
HTTP 200 OK https://rubygems.org/quick/Marshal.4.8/typhoeus-0.6.7.gemspec.rz
HTTP GET https://rubygems.org/quick/Marshal.4.8/typhoeus-0.6.8.gemspec.rz
HTTP 200 OK https://rubygems.org/quick/Marshal.4.8/typhoeus-0.6.8.gemspec.rz
HTTP GET https://rubygems.org/quick/Marshal.4.8/typhoeus-0.6.9.gemspec.rz
HTTP 200 OK https://rubygems.org/quick/Marshal.4.8/typhoeus-0.6.9.gemspec.rz
HTTP GET https://rubygems.org/quick/Marshal.4.8/typhoeus-0.7.0.gemspec.rz
HTTP 200 OK https://rubygems.org/quick/Marshal.4.8/typhoeus-0.7.0.gemspec.rz
HTTP GET https://rubygems.org/quick/Marshal.4.8/typhoeus-0.7.1.gemspec.rz
HTTP 200 OK https://rubygems.org/quick/Marshal.4.8/typhoeus-0.7.1.gemspec.rz
HTTP GET https://rubygems.org/quick/Marshal.4.8/typhoeus-0.7.2.gemspec.rz
HTTP 200 OK https://rubygems.org/quick/Marshal.4.8/typhoeus-0.7.2.gemspec.rz
HTTP GET https://rubygems.org/quick/Marshal.4.8/typhoeus-0.7.3.gemspec.rz
HTTP 200 OK https://rubygems.org/quick/Marshal.4.8/typhoeus-0.7.3.gemspec.rz
HTTP GET https://rubygems.org/quick/Marshal.4.8/typhoeus-0.8.0.gemspec.rz
HTTP 200 OK https://rubygems.org/quick/Marshal.4.8/typhoeus-0.8.0.gemspec.rz
HTTP GET https://rubygems.org/quick/Marshal.4.8/typhoeus-1.0.0.gemspec.rz
HTTP 200 OK https://rubygems.org/quick/Marshal.4.8/typhoeus-1.0.0.gemspec.rz
HTTP GET https://rubygems.org/quick/Marshal.4.8/typhoeus-1.0.1.gemspec.rz
HTTP 200 OK https://rubygems.org/quick/Marshal.4.8/typhoeus-1.0.1.gemspec.rz
HTTP GET https://rubygems.org/quick/Marshal.4.8/typhoeus-1.0.2.gemspec.rz
HTTP 200 OK https://rubygems.org/quick/Marshal.4.8/typhoeus-1.0.2.gemspec.rz
HTTP GET https://rubygems.org/quick/Marshal.4.8/typhoeus-1.1.0.gemspec.rz
HTTP 200 OK https://rubygems.org/quick/Marshal.4.8/typhoeus-1.1.0.gemspec.rz
HTTP GET https://rubygems.org/quick/Marshal.4.8/typhoeus-1.1.1.gemspec.rz
HTTP 200 OK https://rubygems.org/quick/Marshal.4.8/typhoeus-1.1.1.gemspec.rz
HTTP GET https://rubygems.org/quick/Marshal.4.8/typhoeus-1.1.2.gemspec.rz
HTTP 200 OK https://rubygems.org/quick/Marshal.4.8/typhoeus-1.1.2.gemspec.rz
HTTP GET https://rubygems.org/quick/Marshal.4.8/typhoeus-1.3.0.gemspec.rz
HTTP 200 OK https://rubygems.org/quick/Marshal.4.8/typhoeus-1.3.0.gemspec.rz
HTTP GET https://rubygems.org/quick/Marshal.4.8/typhoeus-1.3.1.gemspec.rz
HTTP 200 OK https://rubygems.org/quick/Marshal.4.8/typhoeus-1.3.1.gemspec.rz
HTTP GET https://rubygems.org/quick/Marshal.4.8/typhoeus-1.4.0.gemspec.rz
HTTP 200 OK https://rubygems.org/quick/Marshal.4.8/typhoeus-1.4.0.gemspec.rz
HTTP GET https://rubygems.org/quick/Marshal.4.8/typhoeus-1.4.1.gemspec.rz
HTTP 200 OK https://rubygems.org/quick/Marshal.4.8/typhoeus-1.4.1.gemspec.rz
HTTP GET https://rubygems.org/quick/Marshal.4.8/typhoeus-1.5.0.gemspec.rz
HTTP 200 OK https://rubygems.org/quick/Marshal.4.8/typhoeus-1.5.0.gemspec.rz
HTTP GET https://rubygems.org/quick/Marshal.4.8/rainbow-1.0.gemspec.rz
HTTP 200 OK https://rubygems.org/quick/Marshal.4.8/rainbow-1.0.gemspec.rz
HTTP GET https://rubygems.org/quick/Marshal.4.8/rainbow-1.0.1.gemspec.rz
HTTP 200 OK https://rubygems.org/quick/Marshal.4.8/rainbow-1.0.1.gemspec.rz
HTTP GET https://rubygems.org/quick/Marshal.4.8/rainbow-1.0.2.gemspec.rz
HTTP 200 OK https://rubygems.org/quick/Marshal.4.8/rainbow-1.0.2.gemspec.rz
HTTP GET https://rubygems.org/quick/Marshal.4.8/rainbow-1.0.3.gemspec.rz
HTTP 200 OK https://rubygems.org/quick/Marshal.4.8/rainbow-1.0.3.gemspec.rz
HTTP GET https://rubygems.org/quick/Marshal.4.8/rainbow-1.0.4.gemspec.rz
HTTP 200 OK https://rubygems.org/quick/Marshal.4.8/rainbow-1.0.4.gemspec.rz
HTTP GET https://rubygems.org/quick/Marshal.4.8/rainbow-1.1.gemspec.rz
HTTP 200 OK https://rubygems.org/quick/Marshal.4.8/rainbow-1.1.gemspec.rz
HTTP GET https://rubygems.org/quick/Marshal.4.8/rainbow-1.1.1.gemspec.rz
HTTP 200 OK https://rubygems.org/quick/Marshal.4.8/rainbow-1.1.1.gemspec.rz
HTTP GET https://rubygems.org/quick/Marshal.4.8/rainbow-1.1.2.gemspec.rz
HTTP 200 OK https://rubygems.org/quick/Marshal.4.8/rainbow-1.1.2.gemspec.rz
HTTP GET https://rubygems.org/quick/Marshal.4.8/rainbow-1.1.3.gemspec.rz
HTTP 200 OK https://rubygems.org/quick/Marshal.4.8/rainbow-1.1.3.gemspec.rz
HTTP GET https://rubygems.org/quick/Marshal.4.8/rainbow-1.1.4.gemspec.rz
HTTP 200 OK https://rubygems.org/quick/Marshal.4.8/rainbow-1.1.4.gemspec.rz
HTTP GET https://rubygems.org/quick/Marshal.4.8/rainbow-1.99.0.gemspec.rz
HTTP 200 OK https://rubygems.org/quick/Marshal.4.8/rainbow-1.99.0.gemspec.rz
HTTP GET https://rubygems.org/quick/Marshal.4.8/rainbow-1.99.1.gemspec.rz
HTTP 200 OK https://rubygems.org/quick/Marshal.4.8/rainbow-1.99.1.gemspec.rz
HTTP GET https://rubygems.org/quick/Marshal.4.8/rainbow-1.99.2.gemspec.rz
HTTP 200 OK https://rubygems.org/quick/Marshal.4.8/rainbow-1.99.2.gemspec.rz
HTTP GET https://rubygems.org/quick/Marshal.4.8/rainbow-2.0.0.gemspec.rz
HTTP 200 OK https://rubygems.org/quick/Marshal.4.8/rainbow-2.0.0.gemspec.rz
HTTP GET https://rubygems.org/quick/Marshal.4.8/rainbow-2.1.0.gemspec.rz
HTTP 200 OK https://rubygems.org/quick/Marshal.4.8/rainbow-2.1.0.gemspec.rz
HTTP GET https://rubygems.org/quick/Marshal.4.8/rainbow-2.2.1.gemspec.rz
HTTP 200 OK https://rubygems.org/quick/Marshal.4.8/rainbow-2.2.1.gemspec.rz
HTTP GET https://rubygems.org/quick/Marshal.4.8/rainbow-2.2.2.gemspec.rz
HTTP 200 OK https://rubygems.org/quick/Marshal.4.8/rainbow-2.2.2.gemspec.rz
HTTP GET https://rubygems.org/quick/Marshal.4.8/rainbow-3.0.0.gemspec.rz
HTTP 200 OK https://rubygems.org/quick/Marshal.4.8/rainbow-3.0.0.gemspec.rz
HTTP GET https://rubygems.org/quick/Marshal.4.8/rainbow-3.1.0.gemspec.rz
HTTP 200 OK https://rubygems.org/quick/Marshal.4.8/rainbow-3.1.0.gemspec.rz
HTTP GET https://rubygems.org/quick/Marshal.4.8/pdf-reader-0.5.gemspec.rz
HTTP 200 OK https://rubygems.org/quick/Marshal.4.8/pdf-reader-0.5.gemspec.rz
HTTP GET https://rubygems.org/quick/Marshal.4.8/pdf-reader-0.5.1.gemspec.rz
HTTP 200 OK https://rubygems.org/quick/Marshal.4.8/pdf-reader-0.5.1.gemspec.rz
HTTP GET https://rubygems.org/quick/Marshal.4.8/pdf-reader-0.6.gemspec.rz
HTTP 200 OK https://rubygems.org/quick/Marshal.4.8/pdf-reader-0.6.gemspec.rz
HTTP GET https://rubygems.org/quick/Marshal.4.8/pdf-reader-0.6.1.gemspec.rz
HTTP 200 OK https://rubygems.org/quick/Marshal.4.8/pdf-reader-0.6.1.gemspec.rz
HTTP GET https://rubygems.org/quick/Marshal.4.8/pdf-reader-0.6.2.gemspec.rz
HTTP 200 OK https://rubygems.org/quick/Marshal.4.8/pdf-reader-0.6.2.gemspec.rz
HTTP GET https://rubygems.org/quick/Marshal.4.8/pdf-reader-0.7.gemspec.rz
HTTP 200 OK https://rubygems.org/quick/Marshal.4.8/pdf-reader-0.7.gemspec.rz
HTTP GET https://rubygems.org/quick/Marshal.4.8/pdf-reader-0.7.1.gemspec.rz
HTTP 200 OK https://rubygems.org/quick/Marshal.4.8/pdf-reader-0.7.1.gemspec.rz
HTTP GET https://rubygems.org/quick/Marshal.4.8/pdf-reader-0.7.2.gemspec.rz
HTTP 200 OK https://rubygems.org/quick/Marshal.4.8/pdf-reader-0.7.2.gemspec.rz
HTTP GET https://rubygems.org/quick/Marshal.4.8/pdf-reader-0.7.3.gemspec.rz
HTTP 200 OK https://rubygems.org/quick/Marshal.4.8/pdf-reader-0.7.3.gemspec.rz
HTTP GET https://rubygems.org/quick/Marshal.4.8/pdf-reader-0.7.4.gemspec.rz
HTTP 200 OK https://rubygems.org/quick/Marshal.4.8/pdf-reader-0.7.4.gemspec.rz
HTTP GET https://rubygems.org/quick/Marshal.4.8/pdf-reader-0.7.5.gemspec.rz
HTTP 200 OK https://rubygems.org/quick/Marshal.4.8/pdf-reader-0.7.5.gemspec.rz
HTTP GET https://rubygems.org/quick/Marshal.4.8/pdf-reader-0.7.6.gemspec.rz
HTTP 200 OK https://rubygems.org/quick/Marshal.4.8/pdf-reader-0.7.6.gemspec.rz
HTTP GET https://rubygems.org/quick/Marshal.4.8/pdf-reader-0.7.7.gemspec.rz
HTTP 200 OK https://rubygems.org/quick/Marshal.4.8/pdf-reader-0.7.7.gemspec.rz
HTTP GET https://rubygems.org/quick/Marshal.4.8/pdf-reader-0.8.0.gemspec.rz
HTTP 200 OK https://rubygems.org/quick/Marshal.4.8/pdf-reader-0.8.0.gemspec.rz
HTTP GET https://rubygems.org/quick/Marshal.4.8/pdf-reader-0.8.1.gemspec.rz
HTTP 200 OK https://rubygems.org/quick/Marshal.4.8/pdf-reader-0.8.1.gemspec.rz
HTTP GET https://rubygems.org/quick/Marshal.4.8/pdf-reader-0.8.2.gemspec.rz
HTTP 200 OK https://rubygems.org/quick/Marshal.4.8/pdf-reader-0.8.2.gemspec.rz
HTTP GET https://rubygems.org/quick/Marshal.4.8/pdf-reader-0.8.3.gemspec.rz
HTTP 200 OK https://rubygems.org/quick/Marshal.4.8/pdf-reader-0.8.3.gemspec.rz
HTTP GET https://rubygems.org/quick/Marshal.4.8/pdf-reader-0.8.4.gemspec.rz
HTTP 200 OK https://rubygems.org/quick/Marshal.4.8/pdf-reader-0.8.4.gemspec.rz
HTTP GET https://rubygems.org/quick/Marshal.4.8/pdf-reader-0.8.5.gemspec.rz
HTTP 200 OK https://rubygems.org/quick/Marshal.4.8/pdf-reader-0.8.5.gemspec.rz
HTTP GET https://rubygems.org/quick/Marshal.4.8/pdf-reader-0.8.6.gemspec.rz
HTTP 200 OK https://rubygems.org/quick/Marshal.4.8/pdf-reader-0.8.6.gemspec.rz
HTTP GET https://rubygems.org/quick/Marshal.4.8/pdf-reader-0.9.0.gemspec.rz
HTTP 200 OK https://rubygems.org/quick/Marshal.4.8/pdf-reader-0.9.0.gemspec.rz
HTTP GET https://rubygems.org/quick/Marshal.4.8/pdf-reader-0.9.1.gemspec.rz
HTTP 200 OK https://rubygems.org/quick/Marshal.4.8/pdf-reader-0.9.1.gemspec.rz
HTTP GET https://rubygems.org/quick/Marshal.4.8/pdf-reader-0.9.2.gemspec.rz
HTTP 200 OK https://rubygems.org/quick/Marshal.4.8/pdf-reader-0.9.2.gemspec.rz
HTTP GET https://rubygems.org/quick/Marshal.4.8/pdf-reader-0.9.3.gemspec.rz
HTTP 200 OK https://rubygems.org/quick/Marshal.4.8/pdf-reader-0.9.3.gemspec.rz
HTTP GET https://rubygems.org/quick/Marshal.4.8/pdf-reader-0.10.0.gemspec.rz
HTTP 200 OK https://rubygems.org/quick/Marshal.4.8/pdf-reader-0.10.0.gemspec.rz
HTTP GET https://rubygems.org/quick/Marshal.4.8/pdf-reader-0.10.1.gemspec.rz
HTTP 200 OK https://rubygems.org/quick/Marshal.4.8/pdf-reader-0.10.1.gemspec.rz
HTTP GET https://rubygems.org/quick/Marshal.4.8/pdf-reader-1.0.0.gemspec.rz
HTTP 200 OK https://rubygems.org/quick/Marshal.4.8/pdf-reader-1.0.0.gemspec.rz
HTTP GET https://rubygems.org/quick/Marshal.4.8/pdf-reader-1.1.0.gemspec.rz
HTTP 200 OK https://rubygems.org/quick/Marshal.4.8/pdf-reader-1.1.0.gemspec.rz
HTTP GET https://rubygems.org/quick/Marshal.4.8/pdf-reader-1.1.1.gemspec.rz
HTTP 200 OK https://rubygems.org/quick/Marshal.4.8/pdf-reader-1.1.1.gemspec.rz
HTTP GET https://rubygems.org/quick/Marshal.4.8/pdf-reader-1.2.0.gemspec.rz
HTTP 200 OK https://rubygems.org/quick/Marshal.4.8/pdf-reader-1.2.0.gemspec.rz
HTTP GET https://rubygems.org/quick/Marshal.4.8/pdf-reader-1.3.0.gemspec.rz
HTTP 200 OK https://rubygems.org/quick/Marshal.4.8/pdf-reader-1.3.0.gemspec.rz
HTTP GET https://rubygems.org/quick/Marshal.4.8/pdf-reader-1.3.1.gemspec.rz
HTTP 200 OK https://rubygems.org/quick/Marshal.4.8/pdf-reader-1.3.1.gemspec.rz
HTTP GET https://rubygems.org/quick/Marshal.4.8/pdf-reader-1.3.2.gemspec.rz
HTTP 200 OK https://rubygems.org/quick/Marshal.4.8/pdf-reader-1.3.2.gemspec.rz
HTTP GET https://rubygems.org/quick/Marshal.4.8/pdf-reader-1.3.3.gemspec.rz
HTTP 200 OK https://rubygems.org/quick/Marshal.4.8/pdf-reader-1.3.3.gemspec.rz
HTTP GET https://rubygems.org/quick/Marshal.4.8/pdf-reader-1.4.0.gemspec.rz
HTTP 200 OK https://rubygems.org/quick/Marshal.4.8/pdf-reader-1.4.0.gemspec.rz
HTTP GET https://rubygems.org/quick/Marshal.4.8/pdf-reader-1.4.1.gemspec.rz
HTTP 200 OK https://rubygems.org/quick/Marshal.4.8/pdf-reader-1.4.1.gemspec.rz
HTTP GET https://rubygems.org/quick/Marshal.4.8/pdf-reader-2.0.0.gemspec.rz
HTTP 200 OK https://rubygems.org/quick/Marshal.4.8/pdf-reader-2.0.0.gemspec.rz
HTTP GET https://rubygems.org/quick/Marshal.4.8/pdf-reader-2.1.0.gemspec.rz
HTTP 200 OK https://rubygems.org/quick/Marshal.4.8/pdf-reader-2.1.0.gemspec.rz
HTTP GET https://rubygems.org/quick/Marshal.4.8/pdf-reader-2.2.0.gemspec.rz
HTTP 200 OK https://rubygems.org/quick/Marshal.4.8/pdf-reader-2.2.0.gemspec.rz
HTTP GET https://rubygems.org/quick/Marshal.4.8/pdf-reader-2.2.1.gemspec.rz
HTTP 200 OK https://rubygems.org/quick/Marshal.4.8/pdf-reader-2.2.1.gemspec.rz
HTTP GET https://rubygems.org/quick/Marshal.4.8/pdf-reader-2.3.0.gemspec.rz
HTTP 200 OK https://rubygems.org/quick/Marshal.4.8/pdf-reader-2.3.0.gemspec.rz
HTTP GET https://rubygems.org/quick/Marshal.4.8/pdf-reader-2.4.0.gemspec.rz
HTTP 200 OK https://rubygems.org/quick/Marshal.4.8/pdf-reader-2.4.0.gemspec.rz
HTTP GET https://rubygems.org/quick/Marshal.4.8/pdf-reader-2.4.1.gemspec.rz
HTTP 200 OK https://rubygems.org/quick/Marshal.4.8/pdf-reader-2.4.1.gemspec.rz
HTTP GET https://rubygems.org/quick/Marshal.4.8/pdf-reader-2.4.2.gemspec.rz
HTTP 200 OK https://rubygems.org/quick/Marshal.4.8/pdf-reader-2.4.2.gemspec.rz
HTTP GET https://rubygems.org/quick/Marshal.4.8/pdf-reader-2.5.0.gemspec.rz
HTTP 200 OK https://rubygems.org/quick/Marshal.4.8/pdf-reader-2.5.0.gemspec.rz
HTTP GET https://rubygems.org/quick/Marshal.4.8/pdf-reader-2.6.0.gemspec.rz
HTTP 200 OK https://rubygems.org/quick/Marshal.4.8/pdf-reader-2.6.0.gemspec.rz
HTTP GET https://rubygems.org/quick/Marshal.4.8/pdf-reader-2.7.0.gemspec.rz
HTTP 200 OK https://rubygems.org/quick/Marshal.4.8/pdf-reader-2.7.0.gemspec.rz
HTTP GET https://rubygems.org/quick/Marshal.4.8/pdf-reader-2.8.0.gemspec.rz
HTTP 200 OK https://rubygems.org/quick/Marshal.4.8/pdf-reader-2.8.0.gemspec.rz
HTTP GET https://rubygems.org/quick/Marshal.4.8/pdf-reader-2.9.0.gemspec.rz
HTTP 200 OK https://rubygems.org/quick/Marshal.4.8/pdf-reader-2.9.0.gemspec.rz
HTTP GET https://rubygems.org/quick/Marshal.4.8/pdf-reader-2.9.1.gemspec.rz
HTTP 200 OK https://rubygems.org/quick/Marshal.4.8/pdf-reader-2.9.1.gemspec.rz
HTTP GET https://rubygems.org/quick/Marshal.4.8/pdf-reader-2.9.2.gemspec.rz
HTTP 200 OK https://rubygems.org/quick/Marshal.4.8/pdf-reader-2.9.2.gemspec.rz
HTTP GET https://rubygems.org/quick/Marshal.4.8/pdf-reader-2.10.0.gemspec.rz
HTTP 200 OK https://rubygems.org/quick/Marshal.4.8/pdf-reader-2.10.0.gemspec.rz
HTTP GET https://rubygems.org/quick/Marshal.4.8/pdf-reader-2.11.0.gemspec.rz
HTTP 200 OK https://rubygems.org/quick/Marshal.4.8/pdf-reader-2.11.0.gemspec.rz
HTTP GET https://rubygems.org/quick/Marshal.4.8/pdf-reader-2.12.0.gemspec.rz
HTTP 200 OK https://rubygems.org/quick/Marshal.4.8/pdf-reader-2.12.0.gemspec.rz
HTTP GET https://rubygems.org/quick/Marshal.4.8/pdf-reader-2.13.0.gemspec.rz
HTTP 200 OK https://rubygems.org/quick/Marshal.4.8/pdf-reader-2.13.0.gemspec.rz
HTTP GET https://rubygems.org/quick/Marshal.4.8/pdf-reader-2.14.0.gemspec.rz
HTTP 200 OK https://rubygems.org/quick/Marshal.4.8/pdf-reader-2.14.0.gemspec.rz
HTTP GET https://rubygems.org/quick/Marshal.4.8/pdf-reader-2.14.1.gemspec.rz
HTTP 200 OK https://rubygems.org/quick/Marshal.4.8/pdf-reader-2.14.1.gemspec.rz
HTTP GET https://rubygems.org/quick/Marshal.4.8/pdf-reader-2.15.0.gemspec.rz
HTTP 200 OK https://rubygems.org/quick/Marshal.4.8/pdf-reader-2.15.0.gemspec.rz
HTTP GET https://rubygems.org/quick/Marshal.4.8/pdf-reader-2.15.1.gemspec.rz
HTTP 200 OK https://rubygems.org/quick/Marshal.4.8/pdf-reader-2.15.1.gemspec.rz
HTTP GET https://rubygems.org/quick/Marshal.4.8/nokogiri-1.0.0.gemspec.rz
HTTP 200 OK https://rubygems.org/quick/Marshal.4.8/nokogiri-1.0.0.gemspec.rz
HTTP GET https://rubygems.org/quick/Marshal.4.8/nokogiri-1.0.1.gemspec.rz
HTTP 200 OK https://rubygems.org/quick/Marshal.4.8/nokogiri-1.0.1.gemspec.rz
HTTP GET https://rubygems.org/quick/Marshal.4.8/nokogiri-1.0.2.gemspec.rz
HTTP 200 OK https://rubygems.org/quick/Marshal.4.8/nokogiri-1.0.2.gemspec.rz
HTTP GET https://rubygems.org/quick/Marshal.4.8/nokogiri-1.0.3.gemspec.rz
HTTP 200 OK https://rubygems.org/quick/Marshal.4.8/nokogiri-1.0.3.gemspec.rz
HTTP GET https://rubygems.org/quick/Marshal.4.8/nokogiri-1.0.4.gemspec.rz
HTTP 200 OK https://rubygems.org/quick/Marshal.4.8/nokogiri-1.0.4.gemspec.rz
HTTP GET https://rubygems.org/quick/Marshal.4.8/nokogiri-1.0.5.gemspec.rz
HTTP 200 OK https://rubygems.org/quick/Marshal.4.8/nokogiri-1.0.5.gemspec.rz
HTTP GET https://rubygems.org/quick/Marshal.4.8/nokogiri-1.0.6.gemspec.rz
HTTP 200 OK https://rubygems.org/quick/Marshal.4.8/nokogiri-1.0.6.gemspec.rz
HTTP GET https://rubygems.org/quick/Marshal.4.8/nokogiri-1.0.7.gemspec.rz
HTTP 200 OK https://rubygems.org/quick/Marshal.4.8/nokogiri-1.0.7.gemspec.rz
HTTP GET https://rubygems.org/quick/Marshal.4.8/nokogiri-1.1.0.gemspec.rz
HTTP 200 OK https://rubygems.org/quick/Marshal.4.8/nokogiri-1.1.0.gemspec.rz
HTTP GET https://rubygems.org/quick/Marshal.4.8/nokogiri-1.1.1.gemspec.rz
HTTP 200 OK https://rubygems.org/quick/Marshal.4.8/nokogiri-1.1.1.gemspec.rz
HTTP GET https://rubygems.org/quick/Marshal.4.8/nokogiri-1.2.0.gemspec.rz
HTTP 200 OK https://rubygems.org/quick/Marshal.4.8/nokogiri-1.2.0.gemspec.rz
HTTP GET https://rubygems.org/quick/Marshal.4.8/nokogiri-1.2.1.gemspec.rz
HTTP 200 OK https://rubygems.org/quick/Marshal.4.8/nokogiri-1.2.1.gemspec.rz
HTTP GET https://rubygems.org/quick/Marshal.4.8/nokogiri-1.2.2.gemspec.rz
HTTP 200 OK https://rubygems.org/quick/Marshal.4.8/nokogiri-1.2.2.gemspec.rz
HTTP GET https://rubygems.org/quick/Marshal.4.8/nokogiri-1.2.3.gemspec.rz
HTTP 200 OK https://rubygems.org/quick/Marshal.4.8/nokogiri-1.2.3.gemspec.rz
HTTP GET https://rubygems.org/quick/Marshal.4.8/nokogiri-1.3.0.gemspec.rz
HTTP 200 OK https://rubygems.org/quick/Marshal.4.8/nokogiri-1.3.0.gemspec.rz
HTTP GET https://rubygems.org/quick/Marshal.4.8/nokogiri-1.3.1.gemspec.rz
HTTP 200 OK https://rubygems.org/quick/Marshal.4.8/nokogiri-1.3.1.gemspec.rz
HTTP GET https://rubygems.org/quick/Marshal.4.8/nokogiri-1.3.2.gemspec.rz
HTTP 200 OK https://rubygems.org/quick/Marshal.4.8/nokogiri-1.3.2.gemspec.rz
HTTP GET https://rubygems.org/quick/Marshal.4.8/nokogiri-1.3.3.gemspec.rz
HTTP 200 OK https://rubygems.org/quick/Marshal.4.8/nokogiri-1.3.3.gemspec.rz
HTTP GET https://rubygems.org/quick/Marshal.4.8/nokogiri-1.4.0.gemspec.rz
HTTP 200 OK https://rubygems.org/quick/Marshal.4.8/nokogiri-1.4.0.gemspec.rz
HTTP GET https://rubygems.org/quick/Marshal.4.8/nokogiri-1.4.1.gemspec.rz
HTTP 200 OK https://rubygems.org/quick/Marshal.4.8/nokogiri-1.4.1.gemspec.rz
HTTP GET https://rubygems.org/quick/Marshal.4.8/nokogiri-1.4.2.gemspec.rz
HTTP 200 OK https://rubygems.org/quick/Marshal.4.8/nokogiri-1.4.2.gemspec.rz
HTTP GET https://rubygems.org/quick/Marshal.4.8/nokogiri-1.4.3.gemspec.rz
HTTP 200 OK https://rubygems.org/quick/Marshal.4.8/nokogiri-1.4.3.gemspec.rz
HTTP GET https://rubygems.org/quick/Marshal.4.8/nokogiri-1.4.3.1.gemspec.rz
HTTP 200 OK https://rubygems.org/quick/Marshal.4.8/nokogiri-1.4.3.1.gemspec.rz
HTTP GET https://rubygems.org/quick/Marshal.4.8/nokogiri-1.4.4.gemspec.rz
HTTP 200 OK https://rubygems.org/quick/Marshal.4.8/nokogiri-1.4.4.gemspec.rz
HTTP GET https://rubygems.org/quick/Marshal.4.8/nokogiri-1.4.5.gemspec.rz
HTTP 200 OK https://rubygems.org/quick/Marshal.4.8/nokogiri-1.4.5.gemspec.rz
HTTP GET https://rubygems.org/quick/Marshal.4.8/nokogiri-1.4.6.gemspec.rz
HTTP 200 OK https://rubygems.org/quick/Marshal.4.8/nokogiri-1.4.6.gemspec.rz
HTTP GET https://rubygems.org/quick/Marshal.4.8/nokogiri-1.4.7.gemspec.rz
HTTP 200 OK https://rubygems.org/quick/Marshal.4.8/nokogiri-1.4.7.gemspec.rz
HTTP GET https://rubygems.org/quick/Marshal.4.8/nokogiri-1.5.0.gemspec.rz
HTTP 200 OK https://rubygems.org/quick/Marshal.4.8/nokogiri-1.5.0.gemspec.rz
HTTP GET https://rubygems.org/quick/Marshal.4.8/nokogiri-1.5.1.gemspec.rz
HTTP 200 OK https://rubygems.org/quick/Marshal.4.8/nokogiri-1.5.1.gemspec.rz
HTTP GET https://rubygems.org/quick/Marshal.4.8/nokogiri-1.5.2.gemspec.rz
HTTP 200 OK https://rubygems.org/quick/Marshal.4.8/nokogiri-1.5.2.gemspec.rz
HTTP GET https://rubygems.org/quick/Marshal.4.8/nokogiri-1.5.3.gemspec.rz
HTTP 200 OK https://rubygems.org/quick/Marshal.4.8/nokogiri-1.5.3.gemspec.rz
HTTP GET https://rubygems.org/quick/Marshal.4.8/nokogiri-1.5.4.gemspec.rz
HTTP 200 OK https://rubygems.org/quick/Marshal.4.8/nokogiri-1.5.4.gemspec.rz
HTTP GET https://rubygems.org/quick/Marshal.4.8/nokogiri-1.5.5.gemspec.rz
HTTP 200 OK https://rubygems.org/quick/Marshal.4.8/nokogiri-1.5.5.gemspec.rz
HTTP GET https://rubygems.org/quick/Marshal.4.8/nokogiri-1.5.6.gemspec.rz
HTTP 200 OK https://rubygems.org/quick/Marshal.4.8/nokogiri-1.5.6.gemspec.rz
HTTP GET https://rubygems.org/quick/Marshal.4.8/nokogiri-1.5.7.gemspec.rz
HTTP 200 OK https://rubygems.org/quick/Marshal.4.8/nokogiri-1.5.7.gemspec.rz
HTTP GET https://rubygems.org/quick/Marshal.4.8/nokogiri-1.5.8.gemspec.rz
HTTP 200 OK https://rubygems.org/quick/Marshal.4.8/nokogiri-1.5.8.gemspec.rz
HTTP GET https://rubygems.org/quick/Marshal.4.8/nokogiri-1.5.9.gemspec.rz
HTTP 200 OK https://rubygems.org/quick/Marshal.4.8/nokogiri-1.5.9.gemspec.rz
HTTP GET https://rubygems.org/quick/Marshal.4.8/nokogiri-1.5.10.gemspec.rz
HTTP 200 OK https://rubygems.org/quick/Marshal.4.8/nokogiri-1.5.10.gemspec.rz
HTTP GET https://rubygems.org/quick/Marshal.4.8/nokogiri-1.5.11.gemspec.rz
HTTP 200 OK https://rubygems.org/quick/Marshal.4.8/nokogiri-1.5.11.gemspec.rz
HTTP GET https://rubygems.org/quick/Marshal.4.8/nokogiri-1.6.0.gemspec.rz
HTTP 200 OK https://rubygems.org/quick/Marshal.4.8/nokogiri-1.6.0.gemspec.rz
HTTP GET https://rubygems.org/quick/Marshal.4.8/nokogiri-1.6.1.gemspec.rz
HTTP 200 OK https://rubygems.org/quick/Marshal.4.8/nokogiri-1.6.1.gemspec.rz
HTTP GET https://rubygems.org/quick/Marshal.4.8/nokogiri-1.6.2.gemspec.rz
HTTP 200 OK https://rubygems.org/quick/Marshal.4.8/nokogiri-1.6.2.gemspec.rz
HTTP GET https://rubygems.org/quick/Marshal.4.8/nokogiri-1.6.2.1.gemspec.rz
HTTP 200 OK https://rubygems.org/quick/Marshal.4.8/nokogiri-1.6.2.1.gemspec.rz
HTTP GET https://rubygems.org/quick/Marshal.4.8/nokogiri-1.6.3.gemspec.rz
HTTP 200 OK https://rubygems.org/quick/Marshal.4.8/nokogiri-1.6.3.gemspec.rz
HTTP GET https://rubygems.org/quick/Marshal.4.8/nokogiri-1.6.3.1.gemspec.rz
HTTP 200 OK https://rubygems.org/quick/Marshal.4.8/nokogiri-1.6.3.1.gemspec.rz
HTTP GET https://rubygems.org/quick/Marshal.4.8/nokogiri-1.6.4.gemspec.rz
HTTP 200 OK https://rubygems.org/quick/Marshal.4.8/nokogiri-1.6.4.gemspec.rz
HTTP GET https://rubygems.org/quick/Marshal.4.8/nokogiri-1.6.4.1.gemspec.rz
HTTP 200 OK https://rubygems.org/quick/Marshal.4.8/nokogiri-1.6.4.1.gemspec.rz
HTTP GET https://rubygems.org/quick/Marshal.4.8/nokogiri-1.6.5.gemspec.rz
HTTP 200 OK https://rubygems.org/quick/Marshal.4.8/nokogiri-1.6.5.gemspec.rz
HTTP GET https://rubygems.org/quick/Marshal.4.8/nokogiri-1.6.6.1.gemspec.rz
HTTP 200 OK https://rubygems.org/quick/Marshal.4.8/nokogiri-1.6.6.1.gemspec.rz
HTTP GET https://rubygems.org/quick/Marshal.4.8/nokogiri-1.6.6.2.gemspec.rz
HTTP 200 OK https://rubygems.org/quick/Marshal.4.8/nokogiri-1.6.6.2.gemspec.rz
HTTP GET https://rubygems.org/quick/Marshal.4.8/nokogiri-1.6.6.3.gemspec.rz
HTTP 200 OK https://rubygems.org/quick/Marshal.4.8/nokogiri-1.6.6.3.gemspec.rz
HTTP GET https://rubygems.org/quick/Marshal.4.8/nokogiri-1.6.6.4.gemspec.rz
HTTP 200 OK https://rubygems.org/quick/Marshal.4.8/nokogiri-1.6.6.4.gemspec.rz
HTTP GET https://rubygems.org/quick/Marshal.4.8/nokogiri-1.6.7.gemspec.rz
HTTP 200 OK https://rubygems.org/quick/Marshal.4.8/nokogiri-1.6.7.gemspec.rz
HTTP GET https://rubygems.org/quick/Marshal.4.8/nokogiri-1.6.7.1.gemspec.rz
HTTP 200 OK https://rubygems.org/quick/Marshal.4.8/nokogiri-1.6.7.1.gemspec.rz
HTTP GET https://rubygems.org/quick/Marshal.4.8/nokogiri-1.6.7.2.gemspec.rz
HTTP 200 OK https://rubygems.org/quick/Marshal.4.8/nokogiri-1.6.7.2.gemspec.rz
HTTP GET https://rubygems.org/quick/Marshal.4.8/nokogiri-1.6.8.gemspec.rz
HTTP 200 OK https://rubygems.org/quick/Marshal.4.8/nokogiri-1.6.8.gemspec.rz
HTTP GET https://rubygems.org/quick/Marshal.4.8/nokogiri-1.6.8.1.gemspec.rz
HTTP 200 OK https://rubygems.org/quick/Marshal.4.8/nokogiri-1.6.8.1.gemspec.rz
HTTP GET https://rubygems.org/quick/Marshal.4.8/nokogiri-1.7.0.gemspec.rz
HTTP 200 OK https://rubygems.org/quick/Marshal.4.8/nokogiri-1.7.0.gemspec.rz
HTTP GET https://rubygems.org/quick/Marshal.4.8/nokogiri-1.7.0.1.gemspec.rz
HTTP 200 OK https://rubygems.org/quick/Marshal.4.8/nokogiri-1.7.0.1.gemspec.rz
HTTP GET https://rubygems.org/quick/Marshal.4.8/nokogiri-1.7.1.gemspec.rz
HTTP 200 OK https://rubygems.org/quick/Marshal.4.8/nokogiri-1.7.1.gemspec.rz
HTTP GET https://rubygems.org/quick/Marshal.4.8/nokogiri-1.7.2.gemspec.rz
HTTP 200 OK https://rubygems.org/quick/Marshal.4.8/nokogiri-1.7.2.gemspec.rz
HTTP GET https://rubygems.org/quick/Marshal.4.8/nokogiri-1.8.0.gemspec.rz
HTTP 200 OK https://rubygems.org/quick/Marshal.4.8/nokogiri-1.8.0.gemspec.rz
HTTP GET https://rubygems.org/quick/Marshal.4.8/nokogiri-1.8.1.gemspec.rz
HTTP 200 OK https://rubygems.org/quick/Marshal.4.8/nokogiri-1.8.1.gemspec.rz
HTTP GET https://rubygems.org/quick/Marshal.4.8/nokogiri-1.8.2.gemspec.rz
HTTP 200 OK https://rubygems.org/quick/Marshal.4.8/nokogiri-1.8.2.gemspec.rz
HTTP GET https://rubygems.org/quick/Marshal.4.8/nokogiri-1.8.3.gemspec.rz
HTTP 200 OK https://rubygems.org/quick/Marshal.4.8/nokogiri-1.8.3.gemspec.rz
HTTP GET https://rubygems.org/quick/Marshal.4.8/nokogiri-1.8.4.gemspec.rz
HTTP 200 OK https://rubygems.org/quick/Marshal.4.8/nokogiri-1.8.4.gemspec.rz
HTTP GET https://rubygems.org/quick/Marshal.4.8/nokogiri-1.8.5.gemspec.rz
HTTP 200 OK https://rubygems.org/quick/Marshal.4.8/nokogiri-1.8.5.gemspec.rz
HTTP GET https://rubygems.org/quick/Marshal.4.8/nokogiri-1.9.0.gemspec.rz
HTTP 200 OK https://rubygems.org/quick/Marshal.4.8/nokogiri-1.9.0.gemspec.rz
HTTP GET https://rubygems.org/quick/Marshal.4.8/nokogiri-1.9.1.gemspec.rz
HTTP 200 OK https://rubygems.org/quick/Marshal.4.8/nokogiri-1.9.1.gemspec.rz
HTTP GET https://rubygems.org/quick/Marshal.4.8/nokogiri-1.10.0.gemspec.rz
HTTP 200 OK https://rubygems.org/quick/Marshal.4.8/nokogiri-1.10.0.gemspec.rz
HTTP GET https://rubygems.org/quick/Marshal.4.8/nokogiri-1.10.1.gemspec.rz
HTTP 200 OK https://rubygems.org/quick/Marshal.4.8/nokogiri-1.10.1.gemspec.rz
HTTP GET https://rubygems.org/quick/Marshal.4.8/nokogiri-1.10.2.gemspec.rz
HTTP 200 OK https://rubygems.org/quick/Marshal.4.8/nokogiri-1.10.2.gemspec.rz
HTTP GET https://rubygems.org/quick/Marshal.4.8/nokogiri-1.10.3.gemspec.rz
HTTP 200 OK https://rubygems.org/quick/Marshal.4.8/nokogiri-1.10.3.gemspec.rz
HTTP GET https://rubygems.org/quick/Marshal.4.8/nokogiri-1.10.4.gemspec.rz
HTTP 200 OK https://rubygems.org/quick/Marshal.4.8/nokogiri-1.10.4.gemspec.rz
HTTP GET https://rubygems.org/quick/Marshal.4.8/nokogiri-1.10.5.gemspec.rz
HTTP 200 OK https://rubygems.org/quick/Marshal.4.8/nokogiri-1.10.5.gemspec.rz
HTTP GET https://rubygems.org/quick/Marshal.4.8/nokogiri-1.10.6.gemspec.rz
HTTP 200 OK https://rubygems.org/quick/Marshal.4.8/nokogiri-1.10.6.gemspec.rz
HTTP GET https://rubygems.org/quick/Marshal.4.8/nokogiri-1.10.7.gemspec.rz
HTTP 200 OK https://rubygems.org/quick/Marshal.4.8/nokogiri-1.10.7.gemspec.rz
HTTP GET https://rubygems.org/quick/Marshal.4.8/nokogiri-1.10.8.gemspec.rz
HTTP 200 OK https://rubygems.org/quick/Marshal.4.8/nokogiri-1.10.8.gemspec.rz
HTTP GET https://rubygems.org/quick/Marshal.4.8/nokogiri-1.10.9.gemspec.rz
HTTP 200 OK https://rubygems.org/quick/Marshal.4.8/nokogiri-1.10.9.gemspec.rz
HTTP GET https://rubygems.org/quick/Marshal.4.8/nokogiri-1.10.10.gemspec.rz
HTTP 200 OK https://rubygems.org/quick/Marshal.4.8/nokogiri-1.10.10.gemspec.rz
HTTP GET https://rubygems.org/quick/Marshal.4.8/nokogiri-1.11.0.gemspec.rz
HTTP 200 OK https://rubygems.org/quick/Marshal.4.8/nokogiri-1.11.0.gemspec.rz
HTTP GET https://rubygems.org/quick/Marshal.4.8/nokogiri-1.11.1.gemspec.rz
HTTP 200 OK https://rubygems.org/quick/Marshal.4.8/nokogiri-1.11.1.gemspec.rz
HTTP GET https://rubygems.org/quick/Marshal.4.8/nokogiri-1.11.2.gemspec.rz
HTTP 200 OK https://rubygems.org/quick/Marshal.4.8/nokogiri-1.11.2.gemspec.rz
HTTP GET https://rubygems.org/quick/Marshal.4.8/nokogiri-1.11.3.gemspec.rz
HTTP 200 OK https://rubygems.org/quick/Marshal.4.8/nokogiri-1.11.3.gemspec.rz
HTTP GET https://rubygems.org/quick/Marshal.4.8/nokogiri-1.11.4.gemspec.rz
HTTP 200 OK https://rubygems.org/quick/Marshal.4.8/nokogiri-1.11.4.gemspec.rz
HTTP GET https://rubygems.org/quick/Marshal.4.8/nokogiri-1.11.5.gemspec.rz
HTTP 200 OK https://rubygems.org/quick/Marshal.4.8/nokogiri-1.11.5.gemspec.rz
HTTP GET https://rubygems.org/quick/Marshal.4.8/nokogiri-1.11.6.gemspec.rz
HTTP 200 OK https://rubygems.org/quick/Marshal.4.8/nokogiri-1.11.6.gemspec.rz
HTTP GET https://rubygems.org/quick/Marshal.4.8/nokogiri-1.11.7.gemspec.rz
HTTP 200 OK https://rubygems.org/quick/Marshal.4.8/nokogiri-1.11.7.gemspec.rz
HTTP GET https://rubygems.org/quick/Marshal.4.8/nokogiri-1.12.0.gemspec.rz
HTTP 200 OK https://rubygems.org/quick/Marshal.4.8/nokogiri-1.12.0.gemspec.rz
HTTP GET https://rubygems.org/quick/Marshal.4.8/nokogiri-1.12.1.gemspec.rz
HTTP 200 OK https://rubygems.org/quick/Marshal.4.8/nokogiri-1.12.1.gemspec.rz
HTTP GET https://rubygems.org/quick/Marshal.4.8/nokogiri-1.12.2.gemspec.rz
HTTP 200 OK https://rubygems.org/quick/Marshal.4.8/nokogiri-1.12.2.gemspec.rz
HTTP GET https://rubygems.org/quick/Marshal.4.8/nokogiri-1.12.3.gemspec.rz
HTTP 200 OK https://rubygems.org/quick/Marshal.4.8/nokogiri-1.12.3.gemspec.rz
HTTP GET https://rubygems.org/quick/Marshal.4.8/nokogiri-1.12.4.gemspec.rz
HTTP 200 OK https://rubygems.org/quick/Marshal.4.8/nokogiri-1.12.4.gemspec.rz
HTTP GET https://rubygems.org/quick/Marshal.4.8/nokogiri-1.12.5.gemspec.rz
HTTP 200 OK https://rubygems.org/quick/Marshal.4.8/nokogiri-1.12.5.gemspec.rz
HTTP GET https://rubygems.org/quick/Marshal.4.8/nokogiri-1.13.0.gemspec.rz
HTTP 200 OK https://rubygems.org/quick/Marshal.4.8/nokogiri-1.13.0.gemspec.rz
HTTP GET https://rubygems.org/quick/Marshal.4.8/nokogiri-1.13.0-x64-mingw-ucrt.gemspec.rz
HTTP 200 OK https://rubygems.org/quick/Marshal.4.8/nokogiri-1.13.0-x64-mingw-ucrt.gemspec.rz
HTTP GET https://rubygems.org/quick/Marshal.4.8/nokogiri-1.13.1.gemspec.rz
HTTP 200 OK https://rubygems.org/quick/Marshal.4.8/nokogiri-1.13.1.gemspec.rz
HTTP GET https://rubygems.org/quick/Marshal.4.8/nokogiri-1.13.1-x64-mingw-ucrt.gemspec.rz
HTTP 200 OK https://rubygems.org/quick/Marshal.4.8/nokogiri-1.13.1-x64-mingw-ucrt.gemspec.rz
HTTP GET https://rubygems.org/quick/Marshal.4.8/nokogiri-1.13.2.gemspec.rz
HTTP 200 OK https://rubygems.org/quick/Marshal.4.8/nokogiri-1.13.2.gemspec.rz
HTTP GET https://rubygems.org/quick/Marshal.4.8/nokogiri-1.13.2-x64-mingw-ucrt.gemspec.rz
HTTP 200 OK https://rubygems.org/quick/Marshal.4.8/nokogiri-1.13.2-x64-mingw-ucrt.gemspec.rz
HTTP GET https://rubygems.org/quick/Marshal.4.8/nokogiri-1.13.3.gemspec.rz
HTTP 200 OK https://rubygems.org/quick/Marshal.4.8/nokogiri-1.13.3.gemspec.rz
HTTP GET https://rubygems.org/quick/Marshal.4.8/nokogiri-1.13.3-x64-mingw-ucrt.gemspec.rz
HTTP 200 OK https://rubygems.org/quick/Marshal.4.8/nokogiri-1.13.3-x64-mingw-ucrt.gemspec.rz
HTTP GET https://rubygems.org/quick/Marshal.4.8/nokogiri-1.13.4.gemspec.rz
HTTP 200 OK https://rubygems.org/quick/Marshal.4.8/nokogiri-1.13.4.gemspec.rz
HTTP GET https://rubygems.org/quick/Marshal.4.8/nokogiri-1.13.4-x64-mingw-ucrt.gemspec.rz
HTTP 200 OK https://rubygems.org/quick/Marshal.4.8/nokogiri-1.13.4-x64-mingw-ucrt.gemspec.rz
HTTP GET https://rubygems.org/quick/Marshal.4.8/nokogiri-1.13.5.gemspec.rz
HTTP 200 OK https://rubygems.org/quick/Marshal.4.8/nokogiri-1.13.5.gemspec.rz
HTTP GET https://rubygems.org/quick/Marshal.4.8/nokogiri-1.13.5-x64-mingw-ucrt.gemspec.rz
HTTP 200 OK https://rubygems.org/quick/Marshal.4.8/nokogiri-1.13.5-x64-mingw-ucrt.gemspec.rz
HTTP GET https://rubygems.org/quick/Marshal.4.8/nokogiri-1.13.6.gemspec.rz
HTTP 200 OK https://rubygems.org/quick/Marshal.4.8/nokogiri-1.13.6.gemspec.rz
HTTP GET https://rubygems.org/quick/Marshal.4.8/nokogiri-1.13.6-x64-mingw-ucrt.gemspec.rz
HTTP 200 OK https://rubygems.org/quick/Marshal.4.8/nokogiri-1.13.6-x64-mingw-ucrt.gemspec.rz
HTTP GET https://rubygems.org/quick/Marshal.4.8/nokogiri-1.13.7.gemspec.rz
HTTP 200 OK https://rubygems.org/quick/Marshal.4.8/nokogiri-1.13.7.gemspec.rz
HTTP GET https://rubygems.org/quick/Marshal.4.8/nokogiri-1.13.7-x64-mingw-ucrt.gemspec.rz
HTTP 200 OK https://rubygems.org/quick/Marshal.4.8/nokogiri-1.13.7-x64-mingw-ucrt.gemspec.rz
HTTP GET https://rubygems.org/quick/Marshal.4.8/nokogiri-1.13.8.gemspec.rz
HTTP 200 OK https://rubygems.org/quick/Marshal.4.8/nokogiri-1.13.8.gemspec.rz
HTTP GET https://rubygems.org/quick/Marshal.4.8/nokogiri-1.13.8-x64-mingw-ucrt.gemspec.rz
HTTP 200 OK https://rubygems.org/quick/Marshal.4.8/nokogiri-1.13.8-x64-mingw-ucrt.gemspec.rz
HTTP GET https://rubygems.org/quick/Marshal.4.8/nokogiri-1.13.9.gemspec.rz
HTTP 200 OK https://rubygems.org/quick/Marshal.4.8/nokogiri-1.13.9.gemspec.rz
HTTP GET https://rubygems.org/quick/Marshal.4.8/nokogiri-1.13.9-x64-mingw-ucrt.gemspec.rz
HTTP 200 OK https://rubygems.org/quick/Marshal.4.8/nokogiri-1.13.9-x64-mingw-ucrt.gemspec.rz
HTTP GET https://rubygems.org/quick/Marshal.4.8/nokogiri-1.13.10.gemspec.rz
HTTP 200 OK https://rubygems.org/quick/Marshal.4.8/nokogiri-1.13.10.gemspec.rz
HTTP GET https://rubygems.org/quick/Marshal.4.8/nokogiri-1.13.10-x64-mingw-ucrt.gemspec.rz
HTTP 200 OK https://rubygems.org/quick/Marshal.4.8/nokogiri-1.13.10-x64-mingw-ucrt.gemspec.rz
HTTP GET https://rubygems.org/quick/Marshal.4.8/nokogiri-1.14.0.gemspec.rz
HTTP 200 OK https://rubygems.org/quick/Marshal.4.8/nokogiri-1.14.0.gemspec.rz
HTTP GET https://rubygems.org/quick/Marshal.4.8/nokogiri-1.14.0-x64-mingw-ucrt.gemspec.rz
HTTP 200 OK https://rubygems.org/quick/Marshal.4.8/nokogiri-1.14.0-x64-mingw-ucrt.gemspec.rz
HTTP GET https://rubygems.org/quick/Marshal.4.8/nokogiri-1.14.1.gemspec.rz
HTTP 200 OK https://rubygems.org/quick/Marshal.4.8/nokogiri-1.14.1.gemspec.rz
HTTP GET https://rubygems.org/quick/Marshal.4.8/nokogiri-1.14.1-x64-mingw-ucrt.gemspec.rz
HTTP 200 OK https://rubygems.org/quick/Marshal.4.8/nokogiri-1.14.1-x64-mingw-ucrt.gemspec.rz
HTTP GET https://rubygems.org/quick/Marshal.4.8/nokogiri-1.14.2.gemspec.rz
HTTP 200 OK https://rubygems.org/quick/Marshal.4.8/nokogiri-1.14.2.gemspec.rz
HTTP GET https://rubygems.org/quick/Marshal.4.8/nokogiri-1.14.2-x64-mingw-ucrt.gemspec.rz
HTTP 200 OK https://rubygems.org/quick/Marshal.4.8/nokogiri-1.14.2-x64-mingw-ucrt.gemspec.rz
HTTP GET https://rubygems.org/quick/Marshal.4.8/nokogiri-1.14.3.gemspec.rz
HTTP 200 OK https://rubygems.org/quick/Marshal.4.8/nokogiri-1.14.3.gemspec.rz
HTTP GET https://rubygems.org/quick/Marshal.4.8/nokogiri-1.14.3-x64-mingw-ucrt.gemspec.rz
HTTP 200 OK https://rubygems.org/quick/Marshal.4.8/nokogiri-1.14.3-x64-mingw-ucrt.gemspec.rz
HTTP GET https://rubygems.org/quick/Marshal.4.8/nokogiri-1.14.4.gemspec.rz
HTTP 200 OK https://rubygems.org/quick/Marshal.4.8/nokogiri-1.14.4.gemspec.rz
HTTP GET https://rubygems.org/quick/Marshal.4.8/nokogiri-1.14.4-x64-mingw-ucrt.gemspec.rz
HTTP 200 OK https://rubygems.org/quick/Marshal.4.8/nokogiri-1.14.4-x64-mingw-ucrt.gemspec.rz
HTTP GET https://rubygems.org/quick/Marshal.4.8/nokogiri-1.14.5.gemspec.rz
HTTP 200 OK https://rubygems.org/quick/Marshal.4.8/nokogiri-1.14.5.gemspec.rz
HTTP GET https://rubygems.org/quick/Marshal.4.8/nokogiri-1.14.5-x64-mingw-ucrt.gemspec.rz
HTTP 200 OK https://rubygems.org/quick/Marshal.4.8/nokogiri-1.14.5-x64-mingw-ucrt.gemspec.rz
HTTP GET https://rubygems.org/quick/Marshal.4.8/nokogiri-1.15.0.gemspec.rz
HTTP 200 OK https://rubygems.org/quick/Marshal.4.8/nokogiri-1.15.0.gemspec.rz
HTTP GET https://rubygems.org/quick/Marshal.4.8/nokogiri-1.15.0-x64-mingw-ucrt.gemspec.rz
HTTP 200 OK https://rubygems.org/quick/Marshal.4.8/nokogiri-1.15.0-x64-mingw-ucrt.gemspec.rz
HTTP GET https://rubygems.org/quick/Marshal.4.8/nokogiri-1.15.1.gemspec.rz
HTTP 200 OK https://rubygems.org/quick/Marshal.4.8/nokogiri-1.15.1.gemspec.rz
HTTP GET https://rubygems.org/quick/Marshal.4.8/nokogiri-1.15.1-x64-mingw-ucrt.gemspec.rz
HTTP 200 OK https://rubygems.org/quick/Marshal.4.8/nokogiri-1.15.1-x64-mingw-ucrt.gemspec.rz
HTTP GET https://rubygems.org/quick/Marshal.4.8/nokogiri-1.15.2.gemspec.rz
HTTP 200 OK https://rubygems.org/quick/Marshal.4.8/nokogiri-1.15.2.gemspec.rz
HTTP GET https://rubygems.org/quick/Marshal.4.8/nokogiri-1.15.2-x64-mingw-ucrt.gemspec.rz
HTTP 200 OK https://rubygems.org/quick/Marshal.4.8/nokogiri-1.15.2-x64-mingw-ucrt.gemspec.rz
HTTP GET https://rubygems.org/quick/Marshal.4.8/nokogiri-1.15.3.gemspec.rz
HTTP 200 OK https://rubygems.org/quick/Marshal.4.8/nokogiri-1.15.3.gemspec.rz
HTTP GET https://rubygems.org/quick/Marshal.4.8/nokogiri-1.15.3-x64-mingw-ucrt.gemspec.rz
HTTP 200 OK https://rubygems.org/quick/Marshal.4.8/nokogiri-1.15.3-x64-mingw-ucrt.gemspec.rz
HTTP GET https://rubygems.org/quick/Marshal.4.8/nokogiri-1.15.4.gemspec.rz
HTTP 200 OK https://rubygems.org/quick/Marshal.4.8/nokogiri-1.15.4.gemspec.rz
HTTP GET https://rubygems.org/quick/Marshal.4.8/nokogiri-1.15.4-x64-mingw-ucrt.gemspec.rz
HTTP 200 OK https://rubygems.org/quick/Marshal.4.8/nokogiri-1.15.4-x64-mingw-ucrt.gemspec.rz
HTTP GET https://rubygems.org/quick/Marshal.4.8/nokogiri-1.15.5.gemspec.rz
HTTP 200 OK https://rubygems.org/quick/Marshal.4.8/nokogiri-1.15.5.gemspec.rz
HTTP GET https://rubygems.org/quick/Marshal.4.8/nokogiri-1.15.5-x64-mingw-ucrt.gemspec.rz
HTTP 200 OK https://rubygems.org/quick/Marshal.4.8/nokogiri-1.15.5-x64-mingw-ucrt.gemspec.rz
HTTP GET https://rubygems.org/quick/Marshal.4.8/nokogiri-1.15.6.gemspec.rz
HTTP 200 OK https://rubygems.org/quick/Marshal.4.8/nokogiri-1.15.6.gemspec.rz
HTTP GET https://rubygems.org/quick/Marshal.4.8/nokogiri-1.15.6-x64-mingw-ucrt.gemspec.rz
HTTP 200 OK https://rubygems.org/quick/Marshal.4.8/nokogiri-1.15.6-x64-mingw-ucrt.gemspec.rz
HTTP GET https://rubygems.org/quick/Marshal.4.8/nokogiri-1.15.7.gemspec.rz
HTTP 200 OK https://rubygems.org/quick/Marshal.4.8/nokogiri-1.15.7.gemspec.rz
HTTP GET https://rubygems.org/quick/Marshal.4.8/nokogiri-1.15.7-x64-mingw-ucrt.gemspec.rz
HTTP 200 OK https://rubygems.org/quick/Marshal.4.8/nokogiri-1.15.7-x64-mingw-ucrt.gemspec.rz
HTTP GET https://rubygems.org/quick/Marshal.4.8/nokogiri-1.16.0.gemspec.rz
HTTP 200 OK https://rubygems.org/quick/Marshal.4.8/nokogiri-1.16.0.gemspec.rz
HTTP GET https://rubygems.org/quick/Marshal.4.8/nokogiri-1.16.0-x64-mingw-ucrt.gemspec.rz
HTTP 200 OK https://rubygems.org/quick/Marshal.4.8/nokogiri-1.16.0-x64-mingw-ucrt.gemspec.rz
HTTP GET https://rubygems.org/quick/Marshal.4.8/nokogiri-1.16.1.gemspec.rz
HTTP 200 OK https://rubygems.org/quick/Marshal.4.8/nokogiri-1.16.1.gemspec.rz
HTTP GET https://rubygems.org/quick/Marshal.4.8/nokogiri-1.16.1-x64-mingw-ucrt.gemspec.rz
HTTP 200 OK https://rubygems.org/quick/Marshal.4.8/nokogiri-1.16.1-x64-mingw-ucrt.gemspec.rz
HTTP GET https://rubygems.org/quick/Marshal.4.8/nokogiri-1.16.2.gemspec.rz
HTTP 200 OK https://rubygems.org/quick/Marshal.4.8/nokogiri-1.16.2.gemspec.rz
HTTP GET https://rubygems.org/quick/Marshal.4.8/nokogiri-1.16.2-x64-mingw-ucrt.gemspec.rz
HTTP 200 OK https://rubygems.org/quick/Marshal.4.8/nokogiri-1.16.2-x64-mingw-ucrt.gemspec.rz
HTTP GET https://rubygems.org/quick/Marshal.4.8/nokogiri-1.16.3.gemspec.rz
HTTP 200 OK https://rubygems.org/quick/Marshal.4.8/nokogiri-1.16.3.gemspec.rz
HTTP GET https://rubygems.org/quick/Marshal.4.8/nokogiri-1.16.3-x64-mingw-ucrt.gemspec.rz
HTTP 200 OK https://rubygems.org/quick/Marshal.4.8/nokogiri-1.16.3-x64-mingw-ucrt.gemspec.rz
HTTP GET https://rubygems.org/quick/Marshal.4.8/nokogiri-1.16.4.gemspec.rz
HTTP 200 OK https://rubygems.org/quick/Marshal.4.8/nokogiri-1.16.4.gemspec.rz
HTTP GET https://rubygems.org/quick/Marshal.4.8/nokogiri-1.16.4-x64-mingw-ucrt.gemspec.rz
HTTP 200 OK https://rubygems.org/quick/Marshal.4.8/nokogiri-1.16.4-x64-mingw-ucrt.gemspec.rz
HTTP GET https://rubygems.org/quick/Marshal.4.8/nokogiri-1.16.5.gemspec.rz
HTTP 200 OK https://rubygems.org/quick/Marshal.4.8/nokogiri-1.16.5.gemspec.rz
HTTP GET https://rubygems.org/quick/Marshal.4.8/nokogiri-1.16.5-x64-mingw-ucrt.gemspec.rz
HTTP 200 OK https://rubygems.org/quick/Marshal.4.8/nokogiri-1.16.5-x64-mingw-ucrt.gemspec.rz
HTTP GET https://rubygems.org/quick/Marshal.4.8/nokogiri-1.16.6.gemspec.rz
HTTP 200 OK https://rubygems.org/quick/Marshal.4.8/nokogiri-1.16.6.gemspec.rz
HTTP GET https://rubygems.org/quick/Marshal.4.8/nokogiri-1.16.6-x64-mingw-ucrt.gemspec.rz
HTTP 200 OK https://rubygems.org/quick/Marshal.4.8/nokogiri-1.16.6-x64-mingw-ucrt.gemspec.rz
HTTP GET https://rubygems.org/quick/Marshal.4.8/nokogiri-1.16.7.gemspec.rz
HTTP 200 OK https://rubygems.org/quick/Marshal.4.8/nokogiri-1.16.7.gemspec.rz
HTTP GET https://rubygems.org/quick/Marshal.4.8/nokogiri-1.16.7-x64-mingw-ucrt.gemspec.rz
HTTP 200 OK https://rubygems.org/quick/Marshal.4.8/nokogiri-1.16.7-x64-mingw-ucrt.gemspec.rz
HTTP GET https://rubygems.org/quick/Marshal.4.8/nokogiri-1.16.8.gemspec.rz
HTTP 200 OK https://rubygems.org/quick/Marshal.4.8/nokogiri-1.16.8.gemspec.rz
HTTP GET https://rubygems.org/quick/Marshal.4.8/nokogiri-1.16.8-x64-mingw-ucrt.gemspec.rz
HTTP 200 OK https://rubygems.org/quick/Marshal.4.8/nokogiri-1.16.8-x64-mingw-ucrt.gemspec.rz
HTTP GET https://rubygems.org/quick/Marshal.4.8/nokogiri-1.17.0.gemspec.rz
HTTP 200 OK https://rubygems.org/quick/Marshal.4.8/nokogiri-1.17.0.gemspec.rz
HTTP GET https://rubygems.org/quick/Marshal.4.8/nokogiri-1.17.0-x64-mingw-ucrt.gemspec.rz
HTTP 200 OK https://rubygems.org/quick/Marshal.4.8/nokogiri-1.17.0-x64-mingw-ucrt.gemspec.rz
HTTP GET https://rubygems.org/quick/Marshal.4.8/nokogiri-1.17.1.gemspec.rz
HTTP 200 OK https://rubygems.org/quick/Marshal.4.8/nokogiri-1.17.1.gemspec.rz
HTTP GET https://rubygems.org/quick/Marshal.4.8/nokogiri-1.17.1-x64-mingw-ucrt.gemspec.rz
HTTP 200 OK https://rubygems.org/quick/Marshal.4.8/nokogiri-1.17.1-x64-mingw-ucrt.gemspec.rz
HTTP GET https://rubygems.org/quick/Marshal.4.8/nokogiri-1.17.2.gemspec.rz
HTTP 200 OK https://rubygems.org/quick/Marshal.4.8/nokogiri-1.17.2.gemspec.rz
HTTP GET https://rubygems.org/quick/Marshal.4.8/nokogiri-1.17.2-x64-mingw-ucrt.gemspec.rz
